PolNumber,FileName,Status,ErrorDetails,ExpectedResult,Timestamp
280002523,WDQuote_280002523.xml,PASS,,ExpectedToPass=1,2026-03-20T19:30:13.320678+00:00
280007369,WDQuote_280007369.xml,PASS,,ExpectedToPass=1,2026-03-20T19:30:13.320678+00:00
280051961,WDQuote_280051961.xml,PASS,,ExpectedToPass=1,2026-03-20T19:30:13.320678+00:00
280058697,WDQuote_280058697.xml,PASS,,ExpectedToPass=1,2026-03-20T19:30:13.320678+00:00
280059669,WDQuote_280059669.xml,PASS,,ExpectedToPass=1,2026-03-20T19:30:13.320678+00:00
280059972,WDQuote_280059972.xml,PASS,,ExpectedToPass=1,2026-03-20T19:30:13.320678+00:00
280060372,WDQuote_280060372.xml,PASS,,ExpectedToPass=1,2026-03-20T19:30:13.320678+00:00
280064966,WDQuote_280064966.xml,PASS,,ExpectedToPass=1,2026-03-20T19:30:13.320678+00:00
280073439,WDQuote_280073439.xml,PASS,,ExpectedToPass=1,2026-03-20T19:30:13.320678+00:00
280201658,WDQuote_280201658.xml,PASS,,ExpectedToPass=1,2026-03-20T19:30:13.320678+00:00
280201699,WDQuote_280201699.xml,PASS,,ExpectedToPass=1,2026-03-20T19:30:13.320678+00:00
280274400,WDQuote_280274400.xml,PASS,,ExpectedToPass=1,2026-03-20T19:30:13.320678+00:00
280414413,WDQuote_280414413.xml,PASS,,ExpectedToPass=1,2026-03-20T19:30:13.320678+00:00
280543884,WDQuote_280543884.xml,PASS,,ExpectedToPass=1,2026-03-20T19:30:13.320678+00:00
280557550,WDQuote_280557550.xml,PASS,,ExpectedToPass=1,2026-03-20T19:30:13.320678+00:00
840001773,WDQuote_840001773.xml,PASS,,ExpectedToPass=1,2026-03-20T19:30:13.320678+00:00
840002232,WDQuote_840002232.xml,PASS,,ExpectedToPass=1,2026-03-20T19:30:13.320678+00:00
880001817,WDQuote_880001817.xml,PASS,,ExpectedToPass=1,2026-03-20T19:30:13.320678+00:00
D26000910,WDQuote_D26000910.xml,PASS,,ExpectedToPass=1,2026-03-20T19:30:13.320678+00:00
D26000911,WDQuote_D26000911.xml,PASS,,ExpectedToPass=1,2026-03-20T19:30:13.320678+00:00
D26000931,WDQuote_D26000931.xml,PASS,,ExpectedToPass=1,2026-03-20T19:30:13.320678+00:00
D26000932,WDQuote_D26000932.xml,PASS,,ExpectedToPass=1,2026-03-20T19:30:13.320678+00:00
D26000967,WDQuote_D26000967.xml,PASS,,ExpectedToPass=1,2026-03-20T19:30:13.320678+00:00
D26001140,WDQuote_D26001140.xml,PASS,,ExpectedToPass=1,2026-03-20T19:30:13.320678+00:00
D26001141,WDQuote_D26001141.xml,PASS,,ExpectedToPass=1,2026-03-20T19:30:13.320678+00:00
D26001142,WDQuote_D26001142.xml,PASS,,ExpectedToPass=1,2026-03-20T19:30:13.320678+00:00
D26001166,WDQuote_D26001166.xml,PASS,,ExpectedToPass=1,2026-03-20T19:30:13.320678+00:00
D26001920,WDQuote_D26001920.xml,PASS,,ExpectedToPass=1,2026-03-20T19:30:13.320678+00:00
D26001957,WDQuote_D26001957.xml,PASS,,ExpectedToPass=1,2026-03-20T19:30:13.320678+00:00
D26002119,WDQuote_D26002119.xml,PASS,,ExpectedToPass=1,2026-03-20T19:30:13.320678+00:00
D26002143,WDQuote_D26002143.xml,PASS,,ExpectedToPass=1,2026-03-20T19:30:13.320678+00:00
D26002239,WDQuote_D26002239.xml,PASS,,ExpectedToPass=1,2026-03-20T19:30:13.320678+00:00
D26002364,WDQuote_D26002364.xml,PASS,,ExpectedToPass=1,2026-03-20T19:30:13.320678+00:00
D26002833,WDQuote_D26002833.xml,PASS,,ExpectedToPass=1,2026-03-20T19:30:13.320678+00:00
D26003171,WDQuote_D26003171.xml,PASS,,ExpectedToPass=1,2026-03-20T19:30:13.320678+00:00
D26003359,WDQuote_D26003359.xml,PASS,,ExpectedToPass=1,2026-03-20T19:30:13.320678+00:00
D26003545,WDQuote_D26003545.xml,PASS,,ExpectedToPass=1,2026-03-20T19:30:13.320678+00:00
D26003701,WDQuote_D26003701.xml,PASS,,ExpectedToPass=1,2026-03-20T19:30:13.320678+00:00
D26004144,WDQuote_D26004144.xml,PASS,,ExpectedToPass=1,2026-03-20T19:30:13.320678+00:00
D26004145,WDQuote_D26004145.xml,PASS,,ExpectedToPass=1,2026-03-20T19:30:13.320678+00:00
D26004146,WDQuote_D26004146.xml,PASS,,ExpectedToPass=1,2026-03-20T19:30:13.320678+00:00
D26004247,WDQuote_D26004247.xml,PASS,,ExpectedToPass=1,2026-03-20T19:30:13.320678+00:00
D26004248,WDQuote_D26004248.xml,PASS,,ExpectedToPass=1,2026-03-20T19:30:13.320678+00:00
D26004298,WDQuote_D26004298.xml,PASS,,ExpectedToPass=1,2026-03-20T19:30:13.320678+00:00
D26004325,WDQuote_D26004325.xml,PASS,,ExpectedToPass=1,2026-03-20T19:30:13.320678+00:00
D26004403,WDQuote_D26004403.xml,PASS,,ExpectedToPass=1,2026-03-20T19:30:13.320678+00:00
D26004612,WDQuote_D26004612.xml,PASS,,ExpectedToPass=1,2026-03-20T19:30:13.320678+00:00
D26004654,WDQuote_D26004654.xml,PASS,,ExpectedToPass=1,2026-03-20T19:30:13.320678+00:00
D26004655,WDQuote_D26004655.xml,PASS,,ExpectedToPass=1,2026-03-20T19:30:13.320678+00:00
D26005711,WDQuote_D26005711.xml,PASS,,ExpectedToPass=1,2026-03-20T19:30:13.320678+00:00
D26005901,WDQuote_D26005901.xml,PASS,,ExpectedToPass=1,2026-03-20T19:30:13.320678+00:00
0002100323,WDQuote_0002100323.xml,PASS,,ExpectedToPass=1,2026-03-20T19:30:13.320678+00:00
0002161929,WDQuote_0002161929.xml,PASS,,ExpectedToPass=1,2026-03-20T19:30:13.320678+00:00
0002434086,WDQuote_0002434086.xml,PASS,,ExpectedToPass=1,2026-03-20T19:30:13.320678+00:00
1100135385,WDQuote_1100135385.xml,PASS,,ExpectedToPass=1,2026-03-20T19:30:13.320678+00:00
1100145236,WDQuote_1100145236.xml,PASS,,ExpectedToPass=1,2026-03-20T19:30:13.320678+00:00
1100145475,WDQuote_1100145475.xml,PASS,,ExpectedToPass=1,2026-03-20T19:30:13.320678+00:00
1100165636,WDQuote_1100165636.xml,PASS,,ExpectedToPass=1,2026-03-20T19:30:13.320678+00:00
1100169570,WDQuote_1100169570.xml,PASS,,ExpectedToPass=1,2026-03-20T19:30:13.320678+00:00
1100182999,WDQuote_1100182999.xml,PASS,,ExpectedToPass=1,2026-03-20T19:30:13.320678+00:00
1100184504,WDQuote_1100184504.xml,PASS,,ExpectedToPass=1,2026-03-20T19:30:13.320678+00:00
1100197498,WDQuote_1100197498.xml,PASS,,ExpectedToPass=1,2026-03-20T19:30:13.320678+00:00
1100202108,WDQuote_1100202108.xml,PASS,,ExpectedToPass=1,2026-03-20T19:30:13.320678+00:00
1100202462,WDQuote_1100202462.xml,PASS,,ExpectedToPass=1,2026-03-20T19:30:13.320678+00:00
1100215506,WDQuote_1100215506.xml,PASS,,ExpectedToPass=1,2026-03-20T19:30:13.320678+00:00
1100237641,WDQuote_1100237641.xml,PASS,,ExpectedToPass=1,2026-03-20T19:30:13.320678+00:00
1100252988,WDQuote_1100252988.xml,PASS,,ExpectedToPass=1,2026-03-20T19:30:13.320678+00:00
1100275443,WDQuote_1100275443.xml,PASS,,ExpectedToPass=1,2026-03-20T19:30:13.320678+00:00
1100283702,WDQuote_1100283702.xml,PASS,,ExpectedToPass=1,2026-03-20T19:30:13.320678+00:00
1100299724,WDQuote_1100299724.xml,PASS,,ExpectedToPass=1,2026-03-20T19:30:13.320678+00:00
1100302973,WDQuote_1100302973.xml,PASS,,ExpectedToPass=1,2026-03-20T19:30:13.320678+00:00
1100332285,WDQuote_1100332285.xml,PASS,,ExpectedToPass=1,2026-03-20T19:30:13.320678+00:00
1100347978,WDQuote_1100347978.xml,PASS,,ExpectedToPass=1,2026-03-20T19:30:13.320678+00:00
1100348711,WDQuote_1100348711.xml,PASS,,ExpectedToPass=1,2026-03-20T19:30:13.320678+00:00
1100712175,WDQuote_1100712175.xml,PASS,,ExpectedToPass=1,2026-03-20T19:30:13.320678+00:00
1100714379,WDQuote_1100714379.xml,PASS,,ExpectedToPass=1,2026-03-20T19:30:13.320678+00:00
1100897851,WDQuote_1100897851.xml,PASS,,ExpectedToPass=1,2026-03-20T19:30:13.320678+00:00
1100994724,WDQuote_1100994724.xml,PASS,,ExpectedToPass=1,2026-03-20T19:30:13.320678+00:00
1101004093,WDQuote_1101004093.xml,PASS,,ExpectedToPass=1,2026-03-20T19:30:13.320678+00:00
1101006122,WDQuote_1101006122.xml,PASS,,ExpectedToPass=1,2026-03-20T19:30:13.320678+00:00
1101007716,WDQuote_1101007716.xml,PASS,,ExpectedToPass=1,2026-03-20T19:30:13.320678+00:00
1101014514,WDQuote_1101014514.xml,PASS,,ExpectedToPass=1,2026-03-20T19:30:13.320678+00:00
1101028480,WDQuote_1101028480.xml,PASS,,ExpectedToPass=1,2026-03-20T19:30:13.320678+00:00
1101104885,WDQuote_1101104885.xml,PASS,,ExpectedToPass=1,2026-03-20T19:30:13.320678+00:00
1101138206,WDQuote_1101138206.xml,PASS,,ExpectedToPass=1,2026-03-20T19:30:13.320678+00:00
1101139048,WDQuote_1101139048.xml,PASS,,ExpectedToPass=1,2026-03-20T19:30:13.320678+00:00
1101166124,WDQuote_1101166124.xml,PASS,,ExpectedToPass=1,2026-03-20T19:30:13.320678+00:00
1101168211,WDQuote_1101168211.xml,PASS,,ExpectedToPass=1,2026-03-20T19:30:13.320678+00:00
1101716221,WDQuote_1101716221.xml,PASS,,ExpectedToPass=1,2026-03-20T19:30:13.320678+00:00
1101716619,WDQuote_1101716619.xml,PASS,,ExpectedToPass=1,2026-03-20T19:30:13.320678+00:00
1101734042,WDQuote_1101734042.xml,PASS,,ExpectedToPass=1,2026-03-20T19:30:13.320678+00:00
1101741005,WDQuote_1101741005.xml,PASS,,ExpectedToPass=1,2026-03-20T19:30:13.320678+00:00
1101752119,WDQuote_1101752119.xml,PASS,,ExpectedToPass=1,2026-03-20T19:30:13.320678+00:00
1101754149,WDQuote_1101754149.xml,PASS,,ExpectedToPass=1,2026-03-20T19:30:13.320678+00:00
1101756409,WDQuote_1101756409.xml,PASS,,ExpectedToPass=1,2026-03-20T19:30:13.320678+00:00
1101787719,WDQuote_1101787719.xml,PASS,,ExpectedToPass=1,2026-03-20T19:30:13.320678+00:00
1101795019,WDQuote_1101795019.xml,PASS,,ExpectedToPass=1,2026-03-20T19:30:13.320678+00:00
1101818613,WDQuote_1101818613.xml,PASS,,ExpectedToPass=1,2026-03-20T19:30:13.320678+00:00
1101821922,WDQuote_1101821922.xml,PASS,,ExpectedToPass=1,2026-03-20T19:30:13.320678+00:00
1101826376,WDQuote_1101826376.xml,PASS,,ExpectedToPass=1,2026-03-20T19:30:13.320678+00:00
1101827812,WDQuote_1101827812.xml,PASS,,ExpectedToPass=1,2026-03-20T19:30:13.320678+00:00
1101830691,WDQuote_1101830691.xml,PASS,,ExpectedToPass=1,2026-03-20T19:30:13.320678+00:00
1101841995,WDQuote_1101841995.xml,PASS,,ExpectedToPass=1,2026-03-20T19:30:13.320678+00:00
1101844825,WDQuote_1101844825.xml,PASS,,ExpectedToPass=1,2026-03-20T19:30:13.320678+00:00
1101847307,WDQuote_1101847307.xml,PASS,,ExpectedToPass=1,2026-03-20T19:30:13.320678+00:00
1101875555,WDQuote_1101875555.xml,PASS,,ExpectedToPass=1,2026-03-20T19:30:13.320678+00:00
1101879037,WDQuote_1101879037.xml,PASS,,ExpectedToPass=1,2026-03-20T19:30:13.320678+00:00
1101895140,WDQuote_1101895140.xml,PASS,,ExpectedToPass=1,2026-03-20T19:30:13.320678+00:00
1101900969,WDQuote_1101900969.xml,PASS,,ExpectedToPass=1,2026-03-20T19:30:13.320678+00:00
1101928556,WDQuote_1101928556.xml,PASS,,ExpectedToPass=1,2026-03-20T19:30:13.320678+00:00
1102021849,WDQuote_1102021849.xml,PASS,,ExpectedToPass=1,2026-03-20T19:30:13.320678+00:00
1102034503,WDQuote_1102034503.xml,PASS,,ExpectedToPass=1,2026-03-20T19:30:13.320678+00:00
1102105549,WDQuote_1102105549.xml,PASS,,ExpectedToPass=1,2026-03-20T19:30:13.320678+00:00
1102111018,WDQuote_1102111018.xml,PASS,,ExpectedToPass=1,2026-03-20T19:30:13.320678+00:00
1102168422,WDQuote_1102168422.xml,PASS,,ExpectedToPass=1,2026-03-20T19:30:13.320678+00:00
1102182894,WDQuote_1102182894.xml,PASS,,ExpectedToPass=1,2026-03-20T19:30:13.320678+00:00
1102192760,WDQuote_1102192760.xml,PASS,,ExpectedToPass=1,2026-03-20T19:30:13.320678+00:00
1102202130,WDQuote_1102202130.xml,PASS,,ExpectedToPass=1,2026-03-20T19:30:13.320678+00:00
1102213541,WDQuote_1102213541.xml,PASS,,ExpectedToPass=1,2026-03-20T19:30:13.320678+00:00
1102224738,WDQuote_1102224738.xml,PASS,,ExpectedToPass=1,2026-03-20T19:30:13.320678+00:00
1102225115,WDQuote_1102225115.xml,PASS,,ExpectedToPass=1,2026-03-20T19:30:13.320678+00:00
1102248273,WDQuote_1102248273.xml,PASS,,ExpectedToPass=1,2026-03-20T19:30:13.320678+00:00
1102263249,WDQuote_1102263249.xml,PASS,,ExpectedToPass=1,2026-03-20T19:30:13.320678+00:00
1102265483,WDQuote_1102265483.xml,PASS,,ExpectedToPass=1,2026-03-20T19:30:13.320678+00:00
1102380100,WDQuote_1102380100.xml,PASS,,ExpectedToPass=1,2026-03-20T19:30:13.320678+00:00
1102386842,WDQuote_1102386842.xml,PASS,,ExpectedToPass=1,2026-03-20T19:30:13.320678+00:00
1102388079,WDQuote_1102388079.xml,PASS,,ExpectedToPass=1,2026-03-20T19:30:13.320678+00:00
1102391347,WDQuote_1102391347.xml,PASS,,ExpectedToPass=1,2026-03-20T19:30:13.320678+00:00
1102395603,WDQuote_1102395603.xml,PASS,,ExpectedToPass=1,2026-03-20T19:30:13.320678+00:00
1102424478,WDQuote_1102424478.xml,PASS,,ExpectedToPass=1,2026-03-20T19:30:13.320678+00:00
1102427406,WDQuote_1102427406.xml,PASS,,ExpectedToPass=1,2026-03-20T19:30:13.320678+00:00
1102597562,WDQuote_1102597562.xml,PASS,,ExpectedToPass=1,2026-03-20T19:30:13.320678+00:00
1102612486,WDQuote_1102612486.xml,PASS,,ExpectedToPass=1,2026-03-20T19:30:13.320678+00:00
1102620026,WDQuote_1102620026.xml,PASS,,ExpectedToPass=1,2026-03-20T19:30:13.320678+00:00
1102620224,WDQuote_1102620224.xml,PASS,,ExpectedToPass=1,2026-03-20T19:30:13.320678+00:00
1102622642,WDQuote_1102622642.xml,PASS,,ExpectedToPass=1,2026-03-20T19:30:13.320678+00:00
1103097699,WDQuote_1103097699.xml,PASS,,ExpectedToPass=1,2026-03-20T19:30:13.320678+00:00
1103106938,WDQuote_1103106938.xml,PASS,,ExpectedToPass=1,2026-03-20T19:30:13.320678+00:00
1500501794,WDQuote_1500501794.xml,PASS,,ExpectedToPass=1,2026-03-20T19:30:13.320678+00:00
1500504459,WDQuote_1500504459.xml,PASS,,ExpectedToPass=1,2026-03-20T19:30:13.320678+00:00
1500504764,WDQuote_1500504764.xml,PASS,,ExpectedToPass=1,2026-03-20T19:30:13.320678+00:00
1500504806,WDQuote_1500504806.xml,PASS,,ExpectedToPass=1,2026-03-20T19:30:13.320678+00:00
1500504814,WDQuote_1500504814.xml,PASS,,ExpectedToPass=1,2026-03-20T19:30:13.320678+00:00
1500505076,WDQuote_1500505076.xml,PASS,,ExpectedToPass=1,2026-03-20T19:30:13.320678+00:00
1500506116,WDQuote_1500506116.xml,PASS,,ExpectedToPass=1,2026-03-20T19:30:13.320678+00:00
1500506223,WDQuote_1500506223.xml,PASS,,ExpectedToPass=1,2026-03-20T19:30:13.320678+00:00
1500506801,WDQuote_1500506801.xml,PASS,,ExpectedToPass=1,2026-03-20T19:30:13.320678+00:00
1500507742,WDQuote_1500507742.xml,PASS,,ExpectedToPass=1,2026-03-20T19:30:13.320678+00:00
1500508435,WDQuote_1500508435.xml,PASS,,ExpectedToPass=1,2026-03-20T19:30:13.320678+00:00
1500508658,WDQuote_1500508658.xml,PASS,,ExpectedToPass=1,2026-03-20T19:30:13.320678+00:00
1500509243,WDQuote_1500509243.xml,PASS,,ExpectedToPass=1,2026-03-20T19:30:13.320678+00:00
1500509359,WDQuote_1500509359.xml,PASS,,ExpectedToPass=1,2026-03-20T19:30:13.320678+00:00
1500509938,WDQuote_1500509938.xml,PASS,,ExpectedToPass=1,2026-03-20T19:30:13.320678+00:00
1500510878,WDQuote_1500510878.xml,PASS,,ExpectedToPass=1,2026-03-20T19:30:13.320678+00:00
1500511157,WDQuote_1500511157.xml,PASS,,ExpectedToPass=1,2026-03-20T19:30:13.320678+00:00
1500511769,WDQuote_1500511769.xml,PASS,,ExpectedToPass=1,2026-03-20T19:30:13.320678+00:00
1500512197,WDQuote_1500512197.xml,PASS,,ExpectedToPass=1,2026-03-20T19:30:13.320678+00:00
1500512205,WDQuote_1500512205.xml,PASS,,ExpectedToPass=1,2026-03-20T19:30:13.320678+00:00
1500512502,WDQuote_1500512502.xml,PASS,,ExpectedToPass=1,2026-03-20T19:30:13.320678+00:00
1500512650,WDQuote_1500512650.xml,PASS,,ExpectedToPass=1,2026-03-20T19:30:13.320678+00:00
1500513252,WDQuote_1500513252.xml,PASS,,ExpectedToPass=1,2026-03-20T19:30:13.320678+00:00
1500516990,WDQuote_1500516990.xml,PASS,,ExpectedToPass=1,2026-03-20T19:30:13.320678+00:00
1500517071,WDQuote_1500517071.xml,PASS,,ExpectedToPass=1,2026-03-20T19:30:13.320678+00:00
1500517576,WDQuote_1500517576.xml,PASS,,ExpectedToPass=1,2026-03-20T19:30:13.320678+00:00
1500518285,WDQuote_1500518285.xml,PASS,,ExpectedToPass=1,2026-03-20T19:30:13.320678+00:00
1500518582,WDQuote_1500518582.xml,PASS,,ExpectedToPass=1,2026-03-20T19:30:13.320678+00:00
1500521172,WDQuote_1500521172.xml,PASS,,ExpectedToPass=1,2026-03-20T19:30:13.320678+00:00
1500525777,WDQuote_1500525777.xml,PASS,,ExpectedToPass=1,2026-03-20T19:30:13.320678+00:00
1500525801,WDQuote_1500525801.xml,PASS,,ExpectedToPass=1,2026-03-20T19:30:13.320678+00:00
1500526023,WDQuote_1500526023.xml,PASS,,ExpectedToPass=1,2026-03-20T19:30:13.320678+00:00
1500526056,WDQuote_1500526056.xml,PASS,,ExpectedToPass=1,2026-03-20T19:30:13.320678+00:00
1500527823,WDQuote_1500527823.xml,PASS,,ExpectedToPass=1,2026-03-20T19:30:13.320678+00:00
8100025975,WDQuote_8100025975.xml,PASS,,ExpectedToPass=1,2026-03-20T19:30:13.320678+00:00
8100026569,WDQuote_8100026569.xml,PASS,,ExpectedToPass=1,2026-03-20T19:30:13.320678+00:00
8100027161,WDQuote_8100027161.xml,PASS,,ExpectedToPass=1,2026-03-20T19:30:13.320678+00:00
8100030629,WDQuote_8100030629.xml,PASS,,ExpectedToPass=1,2026-03-20T19:30:13.320678+00:00
8100030637,WDQuote_8100030637.xml,PASS,,ExpectedToPass=1,2026-03-20T19:30:13.320678+00:00
8100040230,WDQuote_8100040230.xml,PASS,,ExpectedToPass=1,2026-03-20T19:30:13.320678+00:00
8100044877,WDQuote_8100044877.xml,PASS,,ExpectedToPass=1,2026-03-20T19:30:13.320678+00:00
8100045817,WDQuote_8100045817.xml,PASS,,ExpectedToPass=1,2026-03-20T19:30:13.320678+00:00
8100045932,WDQuote_8100045932.xml,PASS,,ExpectedToPass=1,2026-03-20T19:30:13.320678+00:00
8100046146,WDQuote_8100046146.xml,PASS,,ExpectedToPass=1,2026-03-20T19:30:13.320678+00:00
8100050981,WDQuote_8100050981.xml,PASS,,ExpectedToPass=1,2026-03-20T19:30:13.320678+00:00
8100052425,WDQuote_8100052425.xml,PASS,,ExpectedToPass=1,2026-03-20T19:30:13.320678+00:00
8100056293,WDQuote_8100056293.xml,PASS,,ExpectedToPass=1,2026-03-20T19:30:13.320678+00:00
8100067613,WDQuote_8100067613.xml,PASS,,ExpectedToPass=1,2026-03-20T19:30:13.320678+00:00
8100082224,WDQuote_8100082224.xml,PASS,,ExpectedToPass=1,2026-03-20T19:30:13.320678+00:00
8100082380,WDQuote_8100082380.xml,PASS,,ExpectedToPass=1,2026-03-20T19:30:13.320678+00:00
8100091118,WDQuote_8100091118.xml,PASS,,ExpectedToPass=1,2026-03-20T19:30:13.320678+00:00
8100098527,WDQuote_8100098527.xml,PASS,,ExpectedToPass=1,2026-03-20T19:30:13.320678+00:00
8100180184,WDQuote_8100180184.xml,PASS,,ExpectedToPass=1,2026-03-20T19:30:13.320678+00:00
8100287286,WDQuote_8100287286.xml,PASS,,ExpectedToPass=1,2026-03-20T19:30:13.320678+00:00
8100293607,WDQuote_8100293607.xml,PASS,,ExpectedToPass=1,2026-03-20T19:30:13.320678+00:00
8100602694,WDQuote_8100602694.xml,PASS,,ExpectedToPass=1,2026-03-20T19:30:13.320678+00:00
8100620332,WDQuote_8100620332.xml,PASS,,ExpectedToPass=1,2026-03-20T19:30:13.320678+00:00
8100624565,WDQuote_8100624565.xml,PASS,,ExpectedToPass=1,2026-03-20T19:30:13.320678+00:00
8100732905,WDQuote_8100732905.xml,PASS,,ExpectedToPass=1,2026-03-20T19:30:13.320678+00:00
8100741503,WDQuote_8100741503.xml,PASS,,ExpectedToPass=1,2026-03-20T19:30:13.320678+00:00
0317138,WDQuote_0317138.xml,PASS,,ExpectedToPass=1,2026-03-20T19:30:13.320678+00:00
0320752,WDQuote_0320752.xml,PASS,,ExpectedToPass=1,2026-03-20T19:30:13.320678+00:00
0322974,WDQuote_0322974.xml,PASS,,ExpectedToPass=1,2026-03-20T19:30:13.320678+00:00
0323308,WDQuote_0323308.xml,PASS,,ExpectedToPass=1,2026-03-20T19:30:13.320678+00:00
0325837,WDQuote_0325837.xml,PASS,,ExpectedToPass=1,2026-03-20T19:30:13.320678+00:00
0329796,WDQuote_0329796.xml,PASS,,ExpectedToPass=1,2026-03-20T19:30:13.320678+00:00
0332186,WDQuote_0332186.xml,PASS,,ExpectedToPass=1,2026-03-20T19:30:13.320678+00:00
0333609,WDQuote_0333609.xml,PASS,,ExpectedToPass=1,2026-03-20T19:30:13.320678+00:00
0335720,WDQuote_0335720.xml,PASS,,ExpectedToPass=1,2026-03-20T19:30:13.320678+00:00
0337616,WDQuote_0337616.xml,PASS,,ExpectedToPass=1,2026-03-20T19:30:13.320678+00:00
0340461,WDQuote_0340461.xml,PASS,,ExpectedToPass=1,2026-03-20T19:30:13.320678+00:00
0349147,WDQuote_0349147.xml,PASS,,ExpectedToPass=1,2026-03-20T19:30:13.320678+00:00
0357747,WDQuote_0357747.xml,PASS,,ExpectedToPass=1,2026-03-20T19:30:13.320678+00:00
0357748,WDQuote_0357748.xml,PASS,,ExpectedToPass=1,2026-03-20T19:30:13.320678+00:00
0359034,WDQuote_0359034.xml,PASS,,ExpectedToPass=1,2026-03-20T19:30:13.320678+00:00
0363479,WDQuote_0363479.xml,PASS,,ExpectedToPass=1,2026-03-20T19:30:13.320678+00:00
0365084,WDQuote_0365084.xml,PASS,,ExpectedToPass=1,2026-03-20T19:30:13.320678+00:00
0365480,WDQuote_0365480.xml,PASS,,ExpectedToPass=1,2026-03-20T19:30:13.320678+00:00
0371326,WDQuote_0371326.xml,PASS,,ExpectedToPass=1,2026-03-20T19:30:13.320678+00:00
0371714,WDQuote_0371714.xml,PASS,,ExpectedToPass=1,2026-03-20T19:30:13.320678+00:00
0379823,WDQuote_0379823.xml,PASS,,ExpectedToPass=1,2026-03-20T19:30:13.320678+00:00
0379824,WDQuote_0379824.xml,PASS,,ExpectedToPass=1,2026-03-20T19:30:13.320678+00:00
0380400,WDQuote_0380400.xml,PASS,,ExpectedToPass=1,2026-03-20T19:30:13.320678+00:00
0381512,WDQuote_0381512.xml,PASS,,ExpectedToPass=1,2026-03-20T19:30:13.320678+00:00
0385509,WDQuote_0385509.xml,PASS,,ExpectedToPass=1,2026-03-20T19:30:13.320678+00:00
0386641,WDQuote_0386641.xml,PASS,,ExpectedToPass=1,2026-03-20T19:30:13.320678+00:00
0387264,WDQuote_0387264.xml,PASS,,ExpectedToPass=1,2026-03-20T19:30:13.320678+00:00
0388413,WDQuote_0388413.xml,PASS,,ExpectedToPass=1,2026-03-20T19:30:13.320678+00:00
0390412,WDQuote_0390412.xml,PASS,,ExpectedToPass=1,2026-03-20T19:30:13.320678+00:00
0392040,WDQuote_0392040.xml,PASS,,ExpectedToPass=1,2026-03-20T19:30:13.320678+00:00
0394023,WDQuote_0394023.xml,PASS,,ExpectedToPass=1,2026-03-20T19:30:13.320678+00:00
0400049,WDQuote_0400049.xml,PASS,,ExpectedToPass=1,2026-03-20T19:30:13.320678+00:00
0402212,WDQuote_0402212.xml,PASS,,ExpectedToPass=1,2026-03-20T19:30:13.320678+00:00
0403399,WDQuote_0403399.xml,PASS,,ExpectedToPass=1,2026-03-20T19:30:13.320678+00:00
0403637,WDQuote_0403637.xml,PASS,,ExpectedToPass=1,2026-03-20T19:30:13.320678+00:00
0404790,WDQuote_0404790.xml,PASS,,ExpectedToPass=1,2026-03-20T19:30:13.320678+00:00
0443491,WDQuote_0443491.xml,PASS,,ExpectedToPass=1,2026-03-20T19:30:13.320678+00:00
0452987,WDQuote_0452987.xml,PASS,,ExpectedToPass=1,2026-03-20T19:30:13.320678+00:00
0457782,WDQuote_0457782.xml,PASS,,ExpectedToPass=1,2026-03-20T19:30:13.320678+00:00
0460962,WDQuote_0460962.xml,PASS,,ExpectedToPass=1,2026-03-20T19:30:13.320678+00:00
0465286,WDQuote_0465286.xml,PASS,,ExpectedToPass=1,2026-03-20T19:30:13.320678+00:00
0467121,WDQuote_0467121.xml,PASS,,ExpectedToPass=1,2026-03-20T19:30:13.320678+00:00
0475324,WDQuote_0475324.xml,PASS,,ExpectedToPass=1,2026-03-20T19:30:13.320678+00:00
0481605,WDQuote_0481605.xml,PASS,,ExpectedToPass=1,2026-03-20T19:30:13.320678+00:00
0486583,WDQuote_0486583.xml,PASS,,ExpectedToPass=1,2026-03-20T19:30:13.320678+00:00
0491737,WDQuote_0491737.xml,PASS,,ExpectedToPass=1,2026-03-20T19:30:13.320678+00:00
0493020,WDQuote_0493020.xml,PASS,,ExpectedToPass=1,2026-03-20T19:30:13.320678+00:00
0505475,WDQuote_0505475.xml,PASS,,ExpectedToPass=1,2026-03-20T19:30:13.320678+00:00
0506678,WDQuote_0506678.xml,PASS,,ExpectedToPass=1,2026-03-20T19:30:13.320678+00:00
0511057,WDQuote_0511057.xml,PASS,,ExpectedToPass=1,2026-03-20T19:30:13.320678+00:00
0518800,WDQuote_0518800.xml,PASS,,ExpectedToPass=1,2026-03-20T19:30:13.320678+00:00
0518801,WDQuote_0518801.xml,PASS,,ExpectedToPass=1,2026-03-20T19:30:13.320678+00:00
0551795,WDQuote_0551795.xml,PASS,,ExpectedToPass=1,2026-03-20T19:30:13.320678+00:00
0556507,WDQuote_0556507.xml,PASS,,ExpectedToPass=1,2026-03-20T19:30:13.320678+00:00
0567962,WDQuote_0567962.xml,PASS,,ExpectedToPass=1,2026-03-20T19:30:13.320678+00:00
0569066,WDQuote_0569066.xml,PASS,,ExpectedToPass=1,2026-03-20T19:30:13.320678+00:00
0595968,WDQuote_0595968.xml,PASS,,ExpectedToPass=1,2026-03-20T19:30:13.320678+00:00
0620876,WDQuote_0620876.xml,PASS,,ExpectedToPass=1,2026-03-20T19:30:13.320678+00:00
0625899,WDQuote_0625899.xml,PASS,,ExpectedToPass=1,2026-03-20T19:30:13.320678+00:00
0628800,WDQuote_0628800.xml,PASS,,ExpectedToPass=1,2026-03-20T19:30:13.320678+00:00
0629569,WDQuote_0629569.xml,PASS,,ExpectedToPass=1,2026-03-20T19:30:13.320678+00:00
0633458,WDQuote_0633458.xml,PASS,,ExpectedToPass=1,2026-03-20T19:30:13.320678+00:00
0645568,WDQuote_0645568.xml,PASS,,ExpectedToPass=1,2026-03-20T19:30:13.320678+00:00
0649292,WDQuote_0649292.xml,PASS,,ExpectedToPass=1,2026-03-20T19:30:13.320678+00:00
0649361,WDQuote_0649361.xml,PASS,,ExpectedToPass=1,2026-03-20T19:30:13.320678+00:00
0649547,WDQuote_0649547.xml,PASS,,ExpectedToPass=1,2026-03-20T19:30:13.320678+00:00
0649634,WDQuote_0649634.xml,PASS,,ExpectedToPass=1,2026-03-20T19:30:13.320678+00:00
0671712,WDQuote_0671712.xml,PASS,,ExpectedToPass=1,2026-03-20T19:30:13.320678+00:00
0704853,WDQuote_0704853.xml,PASS,,ExpectedToPass=1,2026-03-20T19:30:13.320678+00:00
0707299,WDQuote_0707299.xml,PASS,,ExpectedToPass=1,2026-03-20T19:30:13.320678+00:00
0708644,WDQuote_0708644.xml,PASS,,ExpectedToPass=1,2026-03-20T19:30:13.320678+00:00
6004965,WDQuote_6004965.xml,PASS,,ExpectedToPass=1,2026-03-20T19:30:13.320678+00:00
6114965,WDQuote_6114965.xml,PASS,,ExpectedToPass=1,2026-03-20T19:30:13.320678+00:00
6224965,WDQuote_6224965.xml,PASS,,ExpectedToPass=1,2026-03-20T19:30:13.320678+00:00
8922682,WDQuote_8922682.xml,PASS,,ExpectedToPass=1,2026-03-20T19:30:13.320678+00:00
8989860,WDQuote_8989860.xml,PASS,,ExpectedToPass=1,2026-03-20T19:30:13.320678+00:00
9002934,WDQuote_9002934.xml,PASS,,ExpectedToPass=1,2026-03-20T19:30:13.320678+00:00
9006215,WDQuote_9006215.xml,PASS,,ExpectedToPass=1,2026-03-20T19:30:13.320678+00:00
9007469,WDQuote_9007469.xml,PASS,,ExpectedToPass=1,2026-03-20T19:30:13.320678+00:00
9011883,WDQuote_9011883.xml,PASS,,ExpectedToPass=1,2026-03-20T19:30:13.320678+00:00
9015005,WDQuote_9015005.xml,PASS,,ExpectedToPass=1,2026-03-20T19:30:13.320678+00:00
9016363,WDQuote_9016363.xml,PASS,,ExpectedToPass=1,2026-03-20T19:30:13.320678+00:00
9016466,WDQuote_9016466.xml,PASS,,ExpectedToPass=1,2026-03-20T19:30:13.320678+00:00
9017105,WDQuote_9017105.xml,PASS,,ExpectedToPass=1,2026-03-20T19:30:13.320678+00:00
9086838,WDQuote_9086838.xml,PASS,,ExpectedToPass=1,2026-03-20T19:30:13.320678+00:00
9169217,WDQuote_9169217.xml,PASS,,ExpectedToPass=1,2026-03-20T19:30:13.320678+00:00
9186299,WDQuote_9186299.xml,PASS,,ExpectedToPass=1,2026-03-20T19:30:13.320678+00:00
9207748,WDQuote_9207748.xml,PASS,,ExpectedToPass=1,2026-03-20T19:30:13.320678+00:00
9216795,WDQuote_9216795.xml,PASS,,ExpectedToPass=1,2026-03-20T19:30:13.320678+00:00
9221203,WDQuote_9221203.xml,PASS,,ExpectedToPass=1,2026-03-20T19:30:13.320678+00:00
9226632,WDQuote_9226632.xml,PASS,,ExpectedToPass=1,2026-03-20T19:30:13.320678+00:00
9231618,WDQuote_9231618.xml,PASS,,ExpectedToPass=1,2026-03-20T19:30:13.320678+00:00
9241396,WDQuote_9241396.xml,PASS,,ExpectedToPass=1,2026-03-20T19:30:13.320678+00:00
9242621,WDQuote_9242621.xml,PASS,,ExpectedToPass=1,2026-03-20T19:30:13.320678+00:00
9245066,WDQuote_9245066.xml,PASS,,ExpectedToPass=1,2026-03-20T19:30:13.320678+00:00
9248740,WDQuote_9248740.xml,PASS,,ExpectedToPass=1,2026-03-20T19:30:13.320678+00:00
9282963,WDQuote_9282963.xml,PASS,,ExpectedToPass=1,2026-03-20T19:30:13.320678+00:00
9299827,WDQuote_9299827.xml,PASS,,ExpectedToPass=1,2026-03-20T19:30:13.320678+00:00
9386482,WDQuote_9386482.xml,PASS,,ExpectedToPass=1,2026-03-20T19:30:13.320678+00:00
9412567,WDQuote_9412567.xml,PASS,,ExpectedToPass=1,2026-03-20T19:30:13.320678+00:00
9436272,WDQuote_9436272.xml,PASS,,ExpectedToPass=1,2026-03-20T19:30:13.320678+00:00
9461265,WDQuote_9461265.xml,PASS,,ExpectedToPass=1,2026-03-20T19:30:13.320678+00:00
9485244,WDQuote_9485244.xml,PASS,,ExpectedToPass=1,2026-03-20T19:30:13.320678+00:00
9488092,WDQuote_9488092.xml,PASS,,ExpectedToPass=1,2026-03-20T19:30:13.320678+00:00
9489149,WDQuote_9489149.xml,PASS,,ExpectedToPass=1,2026-03-20T19:30:13.320678+00:00
9493962,WDQuote_9493962.xml,PASS,,ExpectedToPass=1,2026-03-20T19:30:13.320678+00:00
9494554,WDQuote_9494554.xml,PASS,,ExpectedToPass=1,2026-03-20T19:30:13.320678+00:00
9494555,WDQuote_9494555.xml,PASS,,ExpectedToPass=1,2026-03-20T19:30:13.320678+00:00
9509065,WDQuote_9509065.xml,PASS,,ExpectedToPass=1,2026-03-20T19:30:13.320678+00:00
9510667,WDQuote_9510667.xml,PASS,,ExpectedToPass=1,2026-03-20T19:30:13.320678+00:00
9516559,WDQuote_9516559.xml,PASS,,ExpectedToPass=1,2026-03-20T19:30:13.320678+00:00
9524427,WDQuote_9524427.xml,PASS,,ExpectedToPass=1,2026-03-20T19:30:13.320678+00:00
9525721,WDQuote_9525721.xml,PASS,,ExpectedToPass=1,2026-03-20T19:30:13.320678+00:00
9529933,WDQuote_9529933.xml,PASS,,ExpectedToPass=1,2026-03-20T19:30:13.320678+00:00
9532649,WDQuote_9532649.xml,PASS,,ExpectedToPass=1,2026-03-20T19:30:13.320678+00:00
9535296,WDQuote_9535296.xml,PASS,,ExpectedToPass=1,2026-03-20T19:30:13.320678+00:00
9536027,WDQuote_9536027.xml,PASS,,ExpectedToPass=1,2026-03-20T19:30:13.320678+00:00
9536193,WDQuote_9536193.xml,PASS,,ExpectedToPass=1,2026-03-20T19:30:13.320678+00:00
9536222,WDQuote_9536222.xml,PASS,,ExpectedToPass=1,2026-03-20T19:30:13.320678+00:00
9536923,WDQuote_9536923.xml,PASS,,ExpectedToPass=1,2026-03-20T19:30:13.320678+00:00
9540584,WDQuote_9540584.xml,PASS,,ExpectedToPass=1,2026-03-20T19:30:13.320678+00:00
9549037,WDQuote_9549037.xml,PASS,,ExpectedToPass=1,2026-03-20T19:30:13.320678+00:00
9560167,WDQuote_9560167.xml,PASS,,ExpectedToPass=1,2026-03-20T19:30:13.320678+00:00
9573763,WDQuote_9573763.xml,PASS,,ExpectedToPass=1,2026-03-20T19:30:13.320678+00:00
9573764,WDQuote_9573764.xml,PASS,,ExpectedToPass=1,2026-03-20T19:30:13.320678+00:00
9573765,WDQuote_9573765.xml,PASS,,ExpectedToPass=1,2026-03-20T19:30:13.320678+00:00
9576814,WDQuote_9576814.xml,PASS,,ExpectedToPass=1,2026-03-20T19:30:13.320678+00:00
9615519,WDQuote_9615519.xml,PASS,,ExpectedToPass=1,2026-03-20T19:30:13.320678+00:00
9650256,WDQuote_9650256.xml,PASS,,ExpectedToPass=1,2026-03-20T19:30:13.320678+00:00
9655051,WDQuote_9655051.xml,PASS,,ExpectedToPass=1,2026-03-20T19:30:13.320678+00:00
9671526,WDQuote_9671526.xml,PASS,,ExpectedToPass=1,2026-03-20T19:30:13.320678+00:00
9674199,WDQuote_9674199.xml,PASS,,ExpectedToPass=1,2026-03-20T19:30:13.320678+00:00
9684982,WDQuote_9684982.xml,PASS,,ExpectedToPass=1,2026-03-20T19:30:13.320678+00:00
9685538,WDQuote_9685538.xml,PASS,,ExpectedToPass=1,2026-03-20T19:30:13.320678+00:00
9690268,WDQuote_9690268.xml,PASS,,ExpectedToPass=1,2026-03-20T19:30:13.320678+00:00
9690710,WDQuote_9690710.xml,PASS,,ExpectedToPass=1,2026-03-20T19:30:13.320678+00:00
9691558,WDQuote_9691558.xml,PASS,,ExpectedToPass=1,2026-03-20T19:30:13.320678+00:00
9693717,WDQuote_9693717.xml,PASS,,ExpectedToPass=1,2026-03-20T19:30:13.320678+00:00
9696015,WDQuote_9696015.xml,PASS,,ExpectedToPass=1,2026-03-20T19:30:13.320678+00:00
9709219,WDQuote_9709219.xml,PASS,,ExpectedToPass=1,2026-03-20T19:30:13.320678+00:00
9712751,WDQuote_9712751.xml,PASS,,ExpectedToPass=1,2026-03-20T19:30:13.320678+00:00
9712809,WDQuote_9712809.xml,PASS,,ExpectedToPass=1,2026-03-20T19:30:13.320678+00:00
9713608,WDQuote_9713608.xml,PASS,,ExpectedToPass=1,2026-03-20T19:30:13.320678+00:00
9718933,WDQuote_9718933.xml,PASS,,ExpectedToPass=1,2026-03-20T19:30:13.320678+00:00
9725647,WDQuote_9725647.xml,PASS,,ExpectedToPass=1,2026-03-20T19:30:13.320678+00:00
9725772,WDQuote_9725772.xml,PASS,,ExpectedToPass=1,2026-03-20T19:30:13.320678+00:00
9737718,WDQuote_9737718.xml,PASS,,ExpectedToPass=1,2026-03-20T19:30:13.320678+00:00
9768492,WDQuote_9768492.xml,PASS,,ExpectedToPass=1,2026-03-20T19:30:13.320678+00:00
9769030,WDQuote_9769030.xml,PASS,,ExpectedToPass=1,2026-03-20T19:30:13.320678+00:00
9777037,WDQuote_9777037.xml,PASS,,ExpectedToPass=1,2026-03-20T19:30:13.320678+00:00
9780173,WDQuote_9780173.xml,PASS,,ExpectedToPass=1,2026-03-20T19:30:13.320678+00:00
9783701,WDQuote_9783701.xml,PASS,,ExpectedToPass=1,2026-03-20T19:30:13.320678+00:00
9799283,WDQuote_9799283.xml,PASS,,ExpectedToPass=1,2026-03-20T19:30:13.320678+00:00
9804890,WDQuote_9804890.xml,PASS,,ExpectedToPass=1,2026-03-20T19:30:13.320678+00:00
9814186,WDQuote_9814186.xml,PASS,,ExpectedToPass=1,2026-03-20T19:30:13.320678+00:00
9821765,WDQuote_9821765.xml,PASS,,ExpectedToPass=1,2026-03-20T19:30:13.320678+00:00
9821779,WDQuote_9821779.xml,PASS,,ExpectedToPass=1,2026-03-20T19:30:13.320678+00:00
9823047,WDQuote_9823047.xml,PASS,,ExpectedToPass=1,2026-03-20T19:30:13.320678+00:00
9823773,WDQuote_9823773.xml,PASS,,ExpectedToPass=1,2026-03-20T19:30:13.320678+00:00
9828501,WDQuote_9828501.xml,PASS,,ExpectedToPass=1,2026-03-20T19:30:13.320678+00:00
9829187,WDQuote_9829187.xml,PASS,,ExpectedToPass=1,2026-03-20T19:30:13.320678+00:00
9830796,WDQuote_9830796.xml,PASS,,ExpectedToPass=1,2026-03-20T19:30:13.320678+00:00
9834298,WDQuote_9834298.xml,PASS,,ExpectedToPass=1,2026-03-20T19:30:13.320678+00:00
9845898,WDQuote_9845898.xml,PASS,,ExpectedToPass=1,2026-03-20T19:30:13.320678+00:00
9858440,WDQuote_9858440.xml,PASS,,ExpectedToPass=1,2026-03-20T19:30:13.320678+00:00
9865501,WDQuote_9865501.xml,PASS,,ExpectedToPass=1,2026-03-20T19:30:13.320678+00:00
9883486,WDQuote_9883486.xml,PASS,,ExpectedToPass=1,2026-03-20T19:30:13.320678+00:00
9886117,WDQuote_9886117.xml,PASS,,ExpectedToPass=1,2026-03-20T19:30:13.320678+00:00
9890729,WDQuote_9890729.xml,PASS,,ExpectedToPass=1,2026-03-20T19:30:13.320678+00:00
9893066,WDQuote_9893066.xml,PASS,,ExpectedToPass=1,2026-03-20T19:30:13.320678+00:00
9898433,WDQuote_9898433.xml,PASS,,ExpectedToPass=1,2026-03-20T19:30:13.320678+00:00
9910511,WDQuote_9910511.xml,PASS,,ExpectedToPass=1,2026-03-20T19:30:13.320678+00:00
9914299,WDQuote_9914299.xml,PASS,,ExpectedToPass=1,2026-03-20T19:30:13.320678+00:00
9919481,WDQuote_9919481.xml,PASS,,ExpectedToPass=1,2026-03-20T19:30:13.320678+00:00
9920009,WDQuote_9920009.xml,PASS,,ExpectedToPass=1,2026-03-20T19:30:13.320678+00:00
9926713,WDQuote_9926713.xml,PASS,,ExpectedToPass=1,2026-03-20T19:30:13.320678+00:00
9928273,WDQuote_9928273.xml,PASS,,ExpectedToPass=1,2026-03-20T19:30:13.320678+00:00
9931230,WDQuote_9931230.xml,PASS,,ExpectedToPass=1,2026-03-20T19:30:13.320678+00:00
9931722,WDQuote_9931722.xml,PASS,,ExpectedToPass=1,2026-03-20T19:30:13.320678+00:00
9932334,WDQuote_9932334.xml,PASS,,ExpectedToPass=1,2026-03-20T19:30:13.320678+00:00
9934237,WDQuote_9934237.xml,PASS,,ExpectedToPass=1,2026-03-20T19:30:13.320678+00:00
9944926,WDQuote_9944926.xml,PASS,,ExpectedToPass=1,2026-03-20T19:30:13.320678+00:00
9967658,WDQuote_9967658.xml,PASS,,ExpectedToPass=1,2026-03-20T19:30:13.320678+00:00
9973429,WDQuote_9973429.xml,PASS,,ExpectedToPass=1,2026-03-20T19:30:13.320678+00:00
9987036,WDQuote_9987036.xml,PASS,,ExpectedToPass=1,2026-03-20T19:30:13.320678+00:00
TESTSH01,WDQuote_TESTSH01.xml,PASS,,ExpectedToPass=1,2026-03-20T19:30:13.320678+00:00
TESTSH02,WDQuote_TESTSH02.xml,PASS,,ExpectedToPass=1,2026-03-20T19:30:13.320678+00:00
TESTSH11,WDQuote_TESTSH11.xml,PASS,,ExpectedToPass=1,2026-03-20T19:30:13.320678+00:00
TESTSH12,WDQuote_TESTSH12.xml,PASS,,ExpectedToPass=1,2026-03-20T19:30:13.320678+00:00
TESTSH13,WDQuote_TESTSH13.xml,PASS,,ExpectedToPass=1,2026-03-20T19:30:13.320678+00:00
224007534,WDQuote_224007534.xml,PASS,,ExpectedToPass=1,2026-03-20T19:30:13.320678+00:00
224008980,WDQuote_224008980.xml,PASS,,ExpectedToPass=1,2026-03-20T19:30:13.320678+00:00
224010762,WDQuote_224010762.xml,PASS,,ExpectedToPass=1,2026-03-20T19:30:13.320678+00:00
224013215,WDQuote_224013215.xml,PASS,,ExpectedToPass=1,2026-03-20T19:30:13.320678+00:00
224044548,WDQuote_224044548.xml,PASS,,ExpectedToPass=1,2026-03-20T19:30:13.320678+00:00
224098632,WDQuote_224098632.xml,PASS,,ExpectedToPass=1,2026-03-20T19:30:13.320678+00:00
224136217,WDQuote_224136217.xml,PASS,,ExpectedToPass=1,2026-03-20T19:30:13.320678+00:00
224165239,WDQuote_224165239.xml,PASS,,ExpectedToPass=1,2026-03-20T19:30:13.320678+00:00
224168655,WDQuote_224168655.xml,PASS,,ExpectedToPass=1,2026-03-20T19:30:13.320678+00:00
224169315,WDQuote_224169315.xml,PASS,,ExpectedToPass=1,2026-03-20T19:30:13.320678+00:00
224169538,WDQuote_224169538.xml,PASS,,ExpectedToPass=1,2026-03-20T19:30:13.320678+00:00
224187723,WDQuote_224187723.xml,PASS,,ExpectedToPass=1,2026-03-20T19:30:13.320678+00:00
224196928,WDQuote_224196928.xml,PASS,,ExpectedToPass=1,2026-03-20T19:30:13.320678+00:00
224207747,WDQuote_224207747.xml,PASS,,ExpectedToPass=1,2026-03-20T19:30:13.320678+00:00
224209497,WDQuote_224209497.xml,PASS,,ExpectedToPass=1,2026-03-20T19:30:13.320678+00:00
224215925,WDQuote_224215925.xml,PASS,,ExpectedToPass=1,2026-03-20T19:30:13.320678+00:00
224224149,WDQuote_224224149.xml,PASS,,ExpectedToPass=1,2026-03-20T19:30:13.320678+00:00
224234904,WDQuote_224234904.xml,PASS,,ExpectedToPass=1,2026-03-20T19:30:13.320678+00:00
224236289,WDQuote_224236289.xml,PASS,,ExpectedToPass=1,2026-03-20T19:30:13.320678+00:00
224236396,WDQuote_224236396.xml,PASS,,ExpectedToPass=1,2026-03-20T19:30:13.320678+00:00
224242076,WDQuote_224242076.xml,PASS,,ExpectedToPass=1,2026-03-20T19:30:13.320678+00:00
224245215,WDQuote_224245215.xml,PASS,,ExpectedToPass=1,2026-03-20T19:30:13.320678+00:00
224251010,WDQuote_224251010.xml,PASS,,ExpectedToPass=1,2026-03-20T19:30:13.320678+00:00
224254268,WDQuote_224254268.xml,PASS,,ExpectedToPass=1,2026-03-20T19:30:13.320678+00:00
224257292,WDQuote_224257292.xml,PASS,,ExpectedToPass=1,2026-03-20T19:30:13.320678+00:00
224264523,WDQuote_224264523.xml,PASS,,ExpectedToPass=1,2026-03-20T19:30:13.320678+00:00
224269966,WDQuote_224269966.xml,PASS,,ExpectedToPass=1,2026-03-20T19:30:13.320678+00:00
224277467,WDQuote_224277467.xml,PASS,,ExpectedToPass=1,2026-03-20T19:30:13.320678+00:00
224279786,WDQuote_224279786.xml,PASS,,ExpectedToPass=1,2026-03-20T19:30:13.320678+00:00
224284173,WDQuote_224284173.xml,PASS,,ExpectedToPass=1,2026-03-20T19:30:13.320678+00:00
224285868,WDQuote_224285868.xml,PASS,,ExpectedToPass=1,2026-03-20T19:30:13.320678+00:00
224286304,WDQuote_224286304.xml,PASS,,ExpectedToPass=1,2026-03-20T19:30:13.320678+00:00
224290674,WDQuote_224290674.xml,PASS,,ExpectedToPass=1,2026-03-20T19:30:13.320678+00:00
224304124,WDQuote_224304124.xml,PASS,,ExpectedToPass=1,2026-03-20T19:30:13.320678+00:00
224304151,WDQuote_224304151.xml,PASS,,ExpectedToPass=1,2026-03-20T19:30:13.320678+00:00
224314186,WDQuote_224314186.xml,PASS,,ExpectedToPass=1,2026-03-20T19:30:13.320678+00:00
224318869,WDQuote_224318869.xml,PASS,,ExpectedToPass=1,2026-03-20T19:30:13.320678+00:00
224321711,WDQuote_224321711.xml,PASS,,ExpectedToPass=1,2026-03-20T19:30:13.320678+00:00
224335029,WDQuote_224335029.xml,PASS,,ExpectedToPass=1,2026-03-20T19:30:13.320678+00:00
224424174,WDQuote_224424174.xml,PASS,,ExpectedToPass=1,2026-03-20T19:30:13.320678+00:00
224424183,WDQuote_224424183.xml,PASS,,ExpectedToPass=1,2026-03-20T19:30:13.320678+00:00
224426412,WDQuote_224426412.xml,PASS,,ExpectedToPass=1,2026-03-20T19:30:13.320678+00:00
224440717,WDQuote_224440717.xml,PASS,,ExpectedToPass=1,2026-03-20T19:30:13.320678+00:00
224458244,WDQuote_224458244.xml,PASS,,ExpectedToPass=1,2026-03-20T19:30:13.320678+00:00
224489773,WDQuote_224489773.xml,PASS,,ExpectedToPass=1,2026-03-20T19:30:13.320678+00:00
224513657,WDQuote_224513657.xml,PASS,,ExpectedToPass=1,2026-03-20T19:30:13.320678+00:00
224519116,WDQuote_224519116.xml,PASS,,ExpectedToPass=1,2026-03-20T19:30:13.320678+00:00
225006935,WDQuote_225006935.xml,PASS,,ExpectedToPass=1,2026-03-20T19:30:13.320678+00:00
225316732,WDQuote_225316732.xml,PASS,,ExpectedToPass=1,2026-03-20T19:30:13.320678+00:00
225347317,WDQuote_225347317.xml,PASS,,ExpectedToPass=1,2026-03-20T19:30:13.320678+00:00
225809176,WDQuote_225809176.xml,PASS,,ExpectedToPass=1,2026-03-20T19:30:13.320678+00:00
225906768,WDQuote_225906768.xml,PASS,,ExpectedToPass=1,2026-03-20T19:30:13.320678+00:00
225923929,WDQuote_225923929.xml,PASS,,ExpectedToPass=1,2026-03-20T19:30:13.320678+00:00
225929734,WDQuote_225929734.xml,PASS,,ExpectedToPass=1,2026-03-20T19:30:13.320678+00:00
225949974,WDQuote_225949974.xml,PASS,,ExpectedToPass=1,2026-03-20T19:30:13.320678+00:00
225951574,WDQuote_225951574.xml,PASS,,ExpectedToPass=1,2026-03-20T19:30:13.320678+00:00
225951978,WDQuote_225951978.xml,PASS,,ExpectedToPass=1,2026-03-20T19:30:13.320678+00:00
225952206,WDQuote_225952206.xml,PASS,,ExpectedToPass=1,2026-03-20T19:30:13.320678+00:00
225953033,WDQuote_225953033.xml,PASS,,ExpectedToPass=1,2026-03-20T19:30:13.320678+00:00
225953750,WDQuote_225953750.xml,PASS,,ExpectedToPass=1,2026-03-20T19:30:13.320678+00:00
225953751,WDQuote_225953751.xml,PASS,,ExpectedToPass=1,2026-03-20T19:30:13.320678+00:00
225953866,WDQuote_225953866.xml,PASS,,ExpectedToPass=1,2026-03-20T19:30:13.320678+00:00
225954314,WDQuote_225954314.xml,PASS,,ExpectedToPass=1,2026-03-20T19:30:13.320678+00:00
225954607,WDQuote_225954607.xml,PASS,,ExpectedToPass=1,2026-03-20T19:30:13.320678+00:00
225954608,WDQuote_225954608.xml,PASS,,ExpectedToPass=1,2026-03-20T19:30:13.320678+00:00
225954609,WDQuote_225954609.xml,PASS,,ExpectedToPass=1,2026-03-20T19:30:13.320678+00:00
225954678,WDQuote_225954678.xml,PASS,,ExpectedToPass=1,2026-03-20T19:30:13.320678+00:00
225954862,WDQuote_225954862.xml,PASS,,ExpectedToPass=1,2026-03-20T19:30:13.320678+00:00
225954865,WDQuote_225954865.xml,PASS,,ExpectedToPass=1,2026-03-20T19:30:13.320678+00:00
225954958,WDQuote_225954958.xml,PASS,,ExpectedToPass=1,2026-03-20T19:30:13.320678+00:00
225955069,WDQuote_225955069.xml,PASS,,ExpectedToPass=1,2026-03-20T19:30:13.320678+00:00
225955102,WDQuote_225955102.xml,PASS,,ExpectedToPass=1,2026-03-20T19:30:13.320678+00:00
225955230,WDQuote_225955230.xml,PASS,,ExpectedToPass=1,2026-03-20T19:30:13.320678+00:00
225955231,WDQuote_225955231.xml,PASS,,ExpectedToPass=1,2026-03-20T19:30:13.320678+00:00
225955415,WDQuote_225955415.xml,PASS,,ExpectedToPass=1,2026-03-20T19:30:13.320678+00:00
225955720,WDQuote_225955720.xml,PASS,,ExpectedToPass=1,2026-03-20T19:30:13.320678+00:00
225955781,WDQuote_225955781.xml,PASS,,ExpectedToPass=1,2026-03-20T19:30:13.320678+00:00
225955859,WDQuote_225955859.xml,PASS,,ExpectedToPass=1,2026-03-20T19:30:13.320678+00:00
225955903,WDQuote_225955903.xml,PASS,,ExpectedToPass=1,2026-03-20T19:30:13.320678+00:00
225955960,WDQuote_225955960.xml,PASS,,ExpectedToPass=1,2026-03-20T19:30:13.320678+00:00
225956006,WDQuote_225956006.xml,PASS,,ExpectedToPass=1,2026-03-20T19:30:13.320678+00:00
225956151,WDQuote_225956151.xml,PASS,,ExpectedToPass=1,2026-03-20T19:30:13.320678+00:00
225956418,WDQuote_225956418.xml,PASS,,ExpectedToPass=1,2026-03-20T19:30:13.320678+00:00
225956419,WDQuote_225956419.xml,PASS,,ExpectedToPass=1,2026-03-20T19:30:13.320678+00:00
225957069,WDQuote_225957069.xml,PASS,,ExpectedToPass=1,2026-03-20T19:30:13.320678+00:00
225957075,WDQuote_225957075.xml,PASS,,ExpectedToPass=1,2026-03-20T19:30:13.320678+00:00
225957178,WDQuote_225957178.xml,PASS,,ExpectedToPass=1,2026-03-20T19:30:13.320678+00:00
225957577,WDQuote_225957577.xml,PASS,,ExpectedToPass=1,2026-03-20T19:30:13.320678+00:00
225957969,WDQuote_225957969.xml,PASS,,ExpectedToPass=1,2026-03-20T19:30:13.320678+00:00
225958023,WDQuote_225958023.xml,PASS,,ExpectedToPass=1,2026-03-20T19:30:13.320678+00:00
225958077,WDQuote_225958077.xml,PASS,,ExpectedToPass=1,2026-03-20T19:30:13.320678+00:00
225958081,WDQuote_225958081.xml,PASS,,ExpectedToPass=1,2026-03-20T19:30:13.320678+00:00
225958092,WDQuote_225958092.xml,PASS,,ExpectedToPass=1,2026-03-20T19:30:13.320678+00:00
225958665,WDQuote_225958665.xml,PASS,,ExpectedToPass=1,2026-03-20T19:30:13.320678+00:00
225958733,WDQuote_225958733.xml,PASS,,ExpectedToPass=1,2026-03-20T19:30:13.320678+00:00
225958977,WDQuote_225958977.xml,PASS,,ExpectedToPass=1,2026-03-20T19:30:13.320678+00:00
225959199,WDQuote_225959199.xml,PASS,,ExpectedToPass=1,2026-03-20T19:30:13.320678+00:00
225959276,WDQuote_225959276.xml,PASS,,ExpectedToPass=1,2026-03-20T19:30:13.320678+00:00
225959277,WDQuote_225959277.xml,PASS,,ExpectedToPass=1,2026-03-20T19:30:13.320678+00:00
225959649,WDQuote_225959649.xml,PASS,,ExpectedToPass=1,2026-03-20T19:30:13.320678+00:00
225959650,WDQuote_225959650.xml,PASS,,ExpectedToPass=1,2026-03-20T19:30:13.320678+00:00
225959656,WDQuote_225959656.xml,PASS,,ExpectedToPass=1,2026-03-20T19:30:13.320678+00:00
225960176,WDQuote_225960176.xml,PASS,,ExpectedToPass=1,2026-03-20T19:30:13.320678+00:00
225962541,WDQuote_225962541.xml,PASS,,ExpectedToPass=1,2026-03-20T19:30:13.320678+00:00
225970903,WDQuote_225970903.xml,PASS,,ExpectedToPass=1,2026-03-20T19:30:13.320678+00:00
225979770,WDQuote_225979770.xml,PASS,,ExpectedToPass=1,2026-03-20T19:30:13.320678+00:00
225981495,WDQuote_225981495.xml,PASS,,ExpectedToPass=1,2026-03-20T19:30:13.320678+00:00
225985332,WDQuote_225985332.xml,PASS,,ExpectedToPass=1,2026-03-20T19:30:13.320678+00:00
226013530,WDQuote_226013530.xml,PASS,,ExpectedToPass=1,2026-03-20T19:30:13.320678+00:00
226018226,WDQuote_226018226.xml,PASS,,ExpectedToPass=1,2026-03-20T19:30:13.320678+00:00
226028433,WDQuote_226028433.xml,PASS,,ExpectedToPass=1,2026-03-20T19:30:13.320678+00:00
226044770,WDQuote_226044770.xml,PASS,,ExpectedToPass=1,2026-03-20T19:30:13.320678+00:00
520004216,WDQuote_520004216.xml,PASS,,ExpectedToPass=1,2026-03-20T19:30:13.320678+00:00
520004313,WDQuote_520004313.xml,PASS,,ExpectedToPass=1,2026-03-20T19:30:13.320678+00:00
520007229,WDQuote_520007229.xml,PASS,,ExpectedToPass=1,2026-03-20T19:30:13.320678+00:00
520008879,WDQuote_520008879.xml,PASS,,ExpectedToPass=1,2026-03-20T19:30:13.320678+00:00
520010142,WDQuote_520010142.xml,PASS,,ExpectedToPass=1,2026-03-20T19:30:13.320678+00:00
520012878,WDQuote_520012878.xml,PASS,,ExpectedToPass=1,2026-03-20T19:30:13.320678+00:00
520013224,WDQuote_520013224.xml,PASS,,ExpectedToPass=1,2026-03-20T19:30:13.320678+00:00
620000791,WDQuote_620000791.xml,PASS,,ExpectedToPass=1,2026-03-20T19:30:13.320678+00:00
620003093,WDQuote_620003093.xml,PASS,,ExpectedToPass=1,2026-03-20T19:30:13.320678+00:00
640004837,WDQuote_640004837.xml,PASS,,ExpectedToPass=1,2026-03-20T19:30:13.320678+00:00
640004869,WDQuote_640004869.xml,PASS,,ExpectedToPass=1,2026-03-20T19:30:13.320678+00:00
640005143,WDQuote_640005143.xml,PASS,,ExpectedToPass=1,2026-03-20T19:30:13.320678+00:00
640005144,WDQuote_640005144.xml,PASS,,ExpectedToPass=1,2026-03-20T19:30:13.320678+00:00
640005145,WDQuote_640005145.xml,PASS,,ExpectedToPass=1,2026-03-20T19:30:13.320678+00:00
640005158,WDQuote_640005158.xml,PASS,,ExpectedToPass=1,2026-03-20T19:30:13.320678+00:00
640005276,WDQuote_640005276.xml,PASS,,ExpectedToPass=1,2026-03-20T19:30:13.320678+00:00
640006104,WDQuote_640006104.xml,PASS,,ExpectedToPass=1,2026-03-20T19:30:13.320678+00:00
640006227,WDQuote_640006227.xml,PASS,,ExpectedToPass=1,2026-03-20T19:30:13.320678+00:00
640006368,WDQuote_640006368.xml,PASS,,ExpectedToPass=1,2026-03-20T19:30:13.320678+00:00
640006369,WDQuote_640006369.xml,PASS,,ExpectedToPass=1,2026-03-20T19:30:13.320678+00:00
940010150,WDQuote_940010150.xml,PASS,,ExpectedToPass=1,2026-03-20T19:30:13.320678+00:00
940013614,WDQuote_940013614.xml,PASS,,ExpectedToPass=1,2026-03-20T19:30:13.320678+00:00
940031806,WDQuote_940031806.xml,PASS,,ExpectedToPass=1,2026-03-20T19:30:13.320678+00:00
940143470,WDQuote_940143470.xml,PASS,,ExpectedToPass=1,2026-03-20T19:30:13.320678+00:00
940143899,WDQuote_940143899.xml,PASS,,ExpectedToPass=1,2026-03-20T19:30:13.320678+00:00
940144942,WDQuote_940144942.xml,PASS,,ExpectedToPass=1,2026-03-20T19:30:13.320678+00:00
940258560,WDQuote_940258560.xml,PASS,,ExpectedToPass=1,2026-03-20T19:30:13.320678+00:00
940687213,WDQuote_940687213.xml,PASS,,ExpectedToPass=1,2026-03-20T19:30:13.320678+00:00
940792319,WDQuote_940792319.xml,PASS,,ExpectedToPass=1,2026-03-20T19:30:13.320678+00:00
980002049,WDQuote_980002049.xml,PASS,,ExpectedToPass=1,2026-03-20T19:30:13.320678+00:00
980002056,WDQuote_980002056.xml,PASS,,ExpectedToPass=1,2026-03-20T19:30:13.320678+00:00
J26000089,WDQuote_J26000089.xml,PASS,,ExpectedToPass=1,2026-03-20T19:30:13.320678+00:00
J26000186,WDQuote_J26000186.xml,PASS,,ExpectedToPass=1,2026-03-20T19:30:13.320678+00:00
J26000187,WDQuote_J26000187.xml,PASS,,ExpectedToPass=1,2026-03-20T19:30:13.320678+00:00
J26000246,WDQuote_J26000246.xml,PASS,,ExpectedToPass=1,2026-03-20T19:30:13.320678+00:00
J26000247,WDQuote_J26000247.xml,PASS,,ExpectedToPass=1,2026-03-20T19:30:13.320678+00:00
J26000291,WDQuote_J26000291.xml,PASS,,ExpectedToPass=1,2026-03-20T19:30:13.320678+00:00
J26000345,WDQuote_J26000345.xml,PASS,,ExpectedToPass=1,2026-03-20T19:30:13.320678+00:00
J26000347,WDQuote_J26000347.xml,PASS,,ExpectedToPass=1,2026-03-20T19:30:13.320678+00:00
J26000408,WDQuote_J26000408.xml,PASS,,ExpectedToPass=1,2026-03-20T19:30:13.320678+00:00
J26000502,WDQuote_J26000502.xml,PASS,,ExpectedToPass=1,2026-03-20T19:30:13.320678+00:00
J26000598,WDQuote_J26000598.xml,PASS,,ExpectedToPass=1,2026-03-20T19:30:13.320678+00:00
J26000688,WDQuote_J26000688.xml,PASS,,ExpectedToPass=1,2026-03-20T19:30:13.320678+00:00
J26000879,WDQuote_J26000879.xml,PASS,,ExpectedToPass=1,2026-03-20T19:30:13.320678+00:00
J26000992,WDQuote_J26000992.xml,PASS,,ExpectedToPass=1,2026-03-20T19:30:13.320678+00:00
J26001012,WDQuote_J26001012.xml,PASS,,ExpectedToPass=1,2026-03-20T19:30:13.320678+00:00
J26001014,WDQuote_J26001014.xml,PASS,,ExpectedToPass=1,2026-03-20T19:30:13.320678+00:00
J26001081,WDQuote_J26001081.xml,PASS,,ExpectedToPass=1,2026-03-20T19:30:13.320678+00:00
J26001334,WDQuote_J26001334.xml,PASS,,ExpectedToPass=1,2026-03-20T19:30:13.320678+00:00
J26001356,WDQuote_J26001356.xml,PASS,,ExpectedToPass=1,2026-03-20T19:30:13.320678+00:00
J26001710,WDQuote_J26001710.xml,PASS,,ExpectedToPass=1,2026-03-20T19:30:13.320678+00:00
J26007804,WDQuote_J26007804.xml,PASS,,ExpectedToPass=1,2026-03-20T19:30:13.320678+00:00
J26009140,WDQuote_J26009140.xml,PASS,,ExpectedToPass=1,2026-03-20T19:30:13.320678+00:00
J26010365,WDQuote_J26010365.xml,PASS,,ExpectedToPass=1,2026-03-20T19:30:13.320678+00:00
J26010393,WDQuote_J26010393.xml,PASS,,ExpectedToPass=1,2026-03-20T19:30:13.320678+00:00
J26014463,WDQuote_J26014463.xml,PASS,,ExpectedToPass=1,2026-03-20T19:30:13.320678+00:00
J26017987,WDQuote_J26017987.xml,PASS,,ExpectedToPass=1,2026-03-20T19:30:13.320678+00:00
J26023145,WDQuote_J26023145.xml,PASS,,ExpectedToPass=1,2026-03-20T19:30:13.320678+00:00
J26023257,WDQuote_J26023257.xml,PASS,,ExpectedToPass=1,2026-03-20T19:30:13.320678+00:00
J26023367,WDQuote_J26023367.xml,PASS,,ExpectedToPass=1,2026-03-20T19:30:13.320678+00:00
P2J260415,WDQuote_P2J260415.xml,PASS,,ExpectedToPass=1,2026-03-20T19:30:13.320678+00:00
0000046379,WDQuote_0000046379.xml,PASS,,ExpectedToPass=1,2026-03-20T19:30:13.320678+00:00
0000046403,WDQuote_0000046403.xml,PASS,,ExpectedToPass=1,2026-03-20T19:30:13.320678+00:00
0000124366,WDQuote_0000124366.xml,PASS,,ExpectedToPass=1,2026-03-20T19:30:13.320678+00:00
0000336903,WDQuote_0000336903.xml,PASS,,ExpectedToPass=1,2026-03-20T19:30:13.320678+00:00
0000567770,WDQuote_0000567770.xml,PASS,,ExpectedToPass=1,2026-03-20T19:30:13.320678+00:00
0000706881,WDQuote_0000706881.xml,PASS,,ExpectedToPass=1,2026-03-20T19:30:13.320678+00:00
0000732838,WDQuote_0000732838.xml,PASS,,ExpectedToPass=1,2026-03-20T19:30:13.320678+00:00
0000752992,WDQuote_0000752992.xml,PASS,,ExpectedToPass=1,2026-03-20T19:30:13.320678+00:00
0000775613,WDQuote_0000775613.xml,PASS,,ExpectedToPass=1,2026-03-20T19:30:13.320678+00:00
0001269012,WDQuote_0001269012.xml,PASS,,ExpectedToPass=1,2026-03-20T19:30:13.320678+00:00
0001278658,WDQuote_0001278658.xml,PASS,,ExpectedToPass=1,2026-03-20T19:30:13.320678+00:00
0001328529,WDQuote_0001328529.xml,PASS,,ExpectedToPass=1,2026-03-20T19:30:13.320678+00:00
0001387236,WDQuote_0001387236.xml,PASS,,ExpectedToPass=1,2026-03-20T19:30:13.320678+00:00
0001388408,WDQuote_0001388408.xml,PASS,,ExpectedToPass=1,2026-03-20T19:30:13.320678+00:00
0001712805,WDQuote_0001712805.xml,PASS,,ExpectedToPass=1,2026-03-20T19:30:13.320678+00:00
0001741341,WDQuote_0001741341.xml,PASS,,ExpectedToPass=1,2026-03-20T19:30:13.320678+00:00
0001833502,WDQuote_0001833502.xml,PASS,,ExpectedToPass=1,2026-03-20T19:30:13.320678+00:00
0001842446,WDQuote_0001842446.xml,PASS,,ExpectedToPass=1,2026-03-20T19:30:13.320678+00:00
0001845118,WDQuote_0001845118.xml,PASS,,ExpectedToPass=1,2026-03-20T19:30:13.320678+00:00
0001966120,WDQuote_0001966120.xml,PASS,,ExpectedToPass=1,2026-03-20T19:30:13.320678+00:00
0002064834,WDQuote_0002064834.xml,PASS,,ExpectedToPass=1,2026-03-20T19:30:13.320678+00:00
0002252876,WDQuote_0002252876.xml,PASS,,ExpectedToPass=1,2026-03-20T19:30:13.320678+00:00
0002290140,WDQuote_0002290140.xml,PASS,,ExpectedToPass=1,2026-03-20T19:30:13.320678+00:00
0002375297,WDQuote_0002375297.xml,PASS,,ExpectedToPass=1,2026-03-20T19:30:13.320678+00:00
0002435323,WDQuote_0002435323.xml,PASS,,ExpectedToPass=1,2026-03-20T19:30:13.320678+00:00
0002441107,WDQuote_0002441107.xml,PASS,,ExpectedToPass=1,2026-03-20T19:30:13.320678+00:00
0002442683,WDQuote_0002442683.xml,PASS,,ExpectedToPass=1,2026-03-20T19:30:13.320678+00:00
0002446155,WDQuote_0002446155.xml,PASS,,ExpectedToPass=1,2026-03-20T19:30:13.320678+00:00
0002446973,WDQuote_0002446973.xml,PASS,,ExpectedToPass=1,2026-03-20T19:30:13.320678+00:00
0002447443,WDQuote_0002447443.xml,PASS,,ExpectedToPass=1,2026-03-20T19:30:13.320678+00:00
0099103289,WDQuote_0099103289.xml,PASS,,ExpectedToPass=1,2026-03-20T19:30:13.320678+00:00
0099316709,WDQuote_0099316709.xml,PASS,,ExpectedToPass=1,2026-03-20T19:30:13.320678+00:00
0099427027,WDQuote_0099427027.xml,PASS,,ExpectedToPass=1,2026-03-20T19:30:13.320678+00:00
1100042383,WDQuote_1100042383.xml,PASS,,ExpectedToPass=1,2026-03-20T19:30:13.320678+00:00
1100066614,WDQuote_1100066614.xml,PASS,,ExpectedToPass=1,2026-03-20T19:30:13.320678+00:00
1100066622,WDQuote_1100066622.xml,PASS,,ExpectedToPass=1,2026-03-20T19:30:13.320678+00:00
1100067422,WDQuote_1100067422.xml,PASS,,ExpectedToPass=1,2026-03-20T19:30:13.320678+00:00
1100080508,WDQuote_1100080508.xml,PASS,,ExpectedToPass=1,2026-03-20T19:30:13.320678+00:00
1100080730,WDQuote_1100080730.xml,PASS,,ExpectedToPass=1,2026-03-20T19:30:13.320678+00:00
1100081035,WDQuote_1100081035.xml,PASS,,ExpectedToPass=1,2026-03-20T19:30:13.320678+00:00
1100084294,WDQuote_1100084294.xml,PASS,,ExpectedToPass=1,2026-03-20T19:30:13.320678+00:00
1100084344,WDQuote_1100084344.xml,PASS,,ExpectedToPass=1,2026-03-20T19:30:13.320678+00:00
1100086091,WDQuote_1100086091.xml,PASS,,ExpectedToPass=1,2026-03-20T19:30:13.320678+00:00
1100089095,WDQuote_1100089095.xml,PASS,,ExpectedToPass=1,2026-03-20T19:30:13.320678+00:00
1100089103,WDQuote_1100089103.xml,PASS,,ExpectedToPass=1,2026-03-20T19:30:13.320678+00:00
1100097098,WDQuote_1100097098.xml,PASS,,ExpectedToPass=1,2026-03-20T19:30:13.320678+00:00
1100102492,WDQuote_1100102492.xml,PASS,,ExpectedToPass=1,2026-03-20T19:30:13.320678+00:00
1100105925,WDQuote_1100105925.xml,PASS,,ExpectedToPass=1,2026-03-20T19:30:13.320678+00:00
1100106220,WDQuote_1100106220.xml,PASS,,ExpectedToPass=1,2026-03-20T19:30:13.320678+00:00
1100108358,WDQuote_1100108358.xml,PASS,,ExpectedToPass=1,2026-03-20T19:30:13.320678+00:00
1100112459,WDQuote_1100112459.xml,PASS,,ExpectedToPass=1,2026-03-20T19:30:13.320678+00:00
1100114307,WDQuote_1100114307.xml,PASS,,ExpectedToPass=1,2026-03-20T19:30:13.320678+00:00
1100116344,WDQuote_1100116344.xml,PASS,,ExpectedToPass=1,2026-03-20T19:30:13.320678+00:00
1100117169,WDQuote_1100117169.xml,PASS,,ExpectedToPass=1,2026-03-20T19:30:13.320678+00:00
1100117565,WDQuote_1100117565.xml,PASS,,ExpectedToPass=1,2026-03-20T19:30:13.320678+00:00
1100117664,WDQuote_1100117664.xml,PASS,,ExpectedToPass=1,2026-03-20T19:30:13.320678+00:00
1100121260,WDQuote_1100121260.xml,PASS,,ExpectedToPass=1,2026-03-20T19:30:13.320678+00:00
1100121286,WDQuote_1100121286.xml,PASS,,ExpectedToPass=1,2026-03-20T19:30:13.320678+00:00
1100124389,WDQuote_1100124389.xml,PASS,,ExpectedToPass=1,2026-03-20T19:30:13.320678+00:00
1100134818,WDQuote_1100134818.xml,PASS,,ExpectedToPass=1,2026-03-20T19:30:13.320678+00:00
1100134834,WDQuote_1100134834.xml,PASS,,ExpectedToPass=1,2026-03-20T19:30:13.320678+00:00
1100134958,WDQuote_1100134958.xml,PASS,,ExpectedToPass=1,2026-03-20T19:30:13.320678+00:00
1100137712,WDQuote_1100137712.xml,PASS,,ExpectedToPass=1,2026-03-20T19:30:13.320678+00:00
1100143512,WDQuote_1100143512.xml,PASS,,ExpectedToPass=1,2026-03-20T19:30:13.320678+00:00
1100144510,WDQuote_1100144510.xml,PASS,,ExpectedToPass=1,2026-03-20T19:30:13.320678+00:00
1100144528,WDQuote_1100144528.xml,PASS,,ExpectedToPass=1,2026-03-20T19:30:13.320678+00:00
1100148081,WDQuote_1100148081.xml,PASS,,ExpectedToPass=1,2026-03-20T19:30:13.320678+00:00
1100154634,WDQuote_1100154634.xml,PASS,,ExpectedToPass=1,2026-03-20T19:30:13.320678+00:00
1100156308,WDQuote_1100156308.xml,PASS,,ExpectedToPass=1,2026-03-20T19:30:13.320678+00:00
1100161340,WDQuote_1100161340.xml,PASS,,ExpectedToPass=1,2026-03-20T19:30:13.320678+00:00
1100162793,WDQuote_1100162793.xml,PASS,,ExpectedToPass=1,2026-03-20T19:30:13.320678+00:00
1100179045,WDQuote_1100179045.xml,PASS,,ExpectedToPass=1,2026-03-20T19:30:13.320678+00:00
1100191578,WDQuote_1100191578.xml,PASS,,ExpectedToPass=1,2026-03-20T19:30:13.320678+00:00
1100192477,WDQuote_1100192477.xml,PASS,,ExpectedToPass=1,2026-03-20T19:30:13.320678+00:00
1100192485,WDQuote_1100192485.xml,PASS,,ExpectedToPass=1,2026-03-20T19:30:13.320678+00:00
1100194622,WDQuote_1100194622.xml,PASS,,ExpectedToPass=1,2026-03-20T19:30:13.320678+00:00
1100198243,WDQuote_1100198243.xml,PASS,,ExpectedToPass=1,2026-03-20T19:30:13.320678+00:00
1100200114,WDQuote_1100200114.xml,PASS,,ExpectedToPass=1,2026-03-20T19:30:13.320678+00:00
1100205840,WDQuote_1100205840.xml,PASS,,ExpectedToPass=1,2026-03-20T19:30:13.320678+00:00
1100213406,WDQuote_1100213406.xml,PASS,,ExpectedToPass=1,2026-03-20T19:30:13.320678+00:00
1100216805,WDQuote_1100216805.xml,PASS,,ExpectedToPass=1,2026-03-20T19:30:13.320678+00:00
1100222480,WDQuote_1100222480.xml,PASS,,ExpectedToPass=1,2026-03-20T19:30:13.320678+00:00
1100227182,WDQuote_1100227182.xml,PASS,,ExpectedToPass=1,2026-03-20T19:30:13.320678+00:00
1100232040,WDQuote_1100232040.xml,PASS,,ExpectedToPass=1,2026-03-20T19:30:13.320678+00:00
1100237330,WDQuote_1100237330.xml,PASS,,ExpectedToPass=1,2026-03-20T19:30:13.320678+00:00
1100238064,WDQuote_1100238064.xml,PASS,,ExpectedToPass=1,2026-03-20T19:30:13.320678+00:00
1100240540,WDQuote_1100240540.xml,PASS,,ExpectedToPass=1,2026-03-20T19:30:13.320678+00:00
1100251505,WDQuote_1100251505.xml,PASS,,ExpectedToPass=1,2026-03-20T19:30:13.320678+00:00
1100254657,WDQuote_1100254657.xml,PASS,,ExpectedToPass=1,2026-03-20T19:30:13.320678+00:00
1100258229,WDQuote_1100258229.xml,PASS,,ExpectedToPass=1,2026-03-20T19:30:13.320678+00:00
1100261967,WDQuote_1100261967.xml,PASS,,ExpectedToPass=1,2026-03-20T19:30:13.320678+00:00
1100271966,WDQuote_1100271966.xml,PASS,,ExpectedToPass=1,2026-03-20T19:30:13.320678+00:00
1100275983,WDQuote_1100275983.xml,PASS,,ExpectedToPass=1,2026-03-20T19:30:13.320678+00:00
1100282633,WDQuote_1100282633.xml,PASS,,ExpectedToPass=1,2026-03-20T19:30:13.320678+00:00
1100290297,WDQuote_1100290297.xml,PASS,,ExpectedToPass=1,2026-03-20T19:30:13.320678+00:00
1100290891,WDQuote_1100290891.xml,PASS,,ExpectedToPass=1,2026-03-20T19:30:13.320678+00:00
1100291048,WDQuote_1100291048.xml,PASS,,ExpectedToPass=1,2026-03-20T19:30:13.320678+00:00
1100293481,WDQuote_1100293481.xml,PASS,,ExpectedToPass=1,2026-03-20T19:30:13.320678+00:00
1100293762,WDQuote_1100293762.xml,PASS,,ExpectedToPass=1,2026-03-20T19:30:13.320678+00:00
1100310756,WDQuote_1100310756.xml,PASS,,ExpectedToPass=1,2026-03-20T19:30:13.320678+00:00
1100326927,WDQuote_1100326927.xml,PASS,,ExpectedToPass=1,2026-03-20T19:30:13.320678+00:00
1100328055,WDQuote_1100328055.xml,PASS,,ExpectedToPass=1,2026-03-20T19:30:13.320678+00:00
1100334152,WDQuote_1100334152.xml,PASS,,ExpectedToPass=1,2026-03-20T19:30:13.320678+00:00
1100346883,WDQuote_1100346883.xml,PASS,,ExpectedToPass=1,2026-03-20T19:30:13.320678+00:00
1100348269,WDQuote_1100348269.xml,PASS,,ExpectedToPass=1,2026-03-20T19:30:13.320678+00:00
1100348376,WDQuote_1100348376.xml,PASS,,ExpectedToPass=1,2026-03-20T19:30:13.320678+00:00
1100348731,WDQuote_1100348731.xml,PASS,,ExpectedToPass=1,2026-03-20T19:30:13.320678+00:00
1100525924,WDQuote_1100525924.xml,PASS,,ExpectedToPass=1,2026-03-20T19:30:13.320678+00:00
1100532128,WDQuote_1100532128.xml,PASS,,ExpectedToPass=1,2026-03-20T19:30:13.320678+00:00
1100534850,WDQuote_1100534850.xml,PASS,,ExpectedToPass=1,2026-03-20T19:30:13.320678+00:00
1100547050,WDQuote_1100547050.xml,PASS,,ExpectedToPass=1,2026-03-20T19:30:13.320678+00:00
1100556648,WDQuote_1100556648.xml,PASS,,ExpectedToPass=1,2026-03-20T19:30:13.320678+00:00
1100563263,WDQuote_1100563263.xml,PASS,,ExpectedToPass=1,2026-03-20T19:30:13.320678+00:00
1100565110,WDQuote_1100565110.xml,PASS,,ExpectedToPass=1,2026-03-20T19:30:13.320678+00:00
1100569096,WDQuote_1100569096.xml,PASS,,ExpectedToPass=1,2026-03-20T19:30:13.320678+00:00
1100579145,WDQuote_1100579145.xml,PASS,,ExpectedToPass=1,2026-03-20T19:30:13.320678+00:00
1100581885,WDQuote_1100581885.xml,PASS,,ExpectedToPass=1,2026-03-20T19:30:13.320678+00:00
1100593856,WDQuote_1100593856.xml,PASS,,ExpectedToPass=1,2026-03-20T19:30:13.320678+00:00
1100595547,WDQuote_1100595547.xml,PASS,,ExpectedToPass=1,2026-03-20T19:30:13.320678+00:00
1100597469,WDQuote_1100597469.xml,PASS,,ExpectedToPass=1,2026-03-20T19:30:13.320678+00:00
1100597915,WDQuote_1100597915.xml,PASS,,ExpectedToPass=1,2026-03-20T19:30:13.320678+00:00
1100600172,WDQuote_1100600172.xml,PASS,,ExpectedToPass=1,2026-03-20T19:30:13.320678+00:00
1100604588,WDQuote_1100604588.xml,PASS,,ExpectedToPass=1,2026-03-20T19:30:13.320678+00:00
1100606179,WDQuote_1100606179.xml,PASS,,ExpectedToPass=1,2026-03-20T19:30:13.320678+00:00
1100637075,WDQuote_1100637075.xml,PASS,,ExpectedToPass=1,2026-03-20T19:30:13.320678+00:00
1100639709,WDQuote_1100639709.xml,PASS,,ExpectedToPass=1,2026-03-20T19:30:13.320678+00:00
1100642034,WDQuote_1100642034.xml,PASS,,ExpectedToPass=1,2026-03-20T19:30:13.320678+00:00
1100642166,WDQuote_1100642166.xml,PASS,,ExpectedToPass=1,2026-03-20T19:30:13.320678+00:00
1100662487,WDQuote_1100662487.xml,PASS,,ExpectedToPass=1,2026-03-20T19:30:13.320678+00:00
1100673773,WDQuote_1100673773.xml,PASS,,ExpectedToPass=1,2026-03-20T19:30:13.320678+00:00
1100673930,WDQuote_1100673930.xml,PASS,,ExpectedToPass=1,2026-03-20T19:30:13.320678+00:00
1100675240,WDQuote_1100675240.xml,PASS,,ExpectedToPass=1,2026-03-20T19:30:13.320678+00:00
1100678764,WDQuote_1100678764.xml,PASS,,ExpectedToPass=1,2026-03-20T19:30:13.320678+00:00
1100690603,WDQuote_1100690603.xml,PASS,,ExpectedToPass=1,2026-03-20T19:30:13.320678+00:00
1100690702,WDQuote_1100690702.xml,PASS,,ExpectedToPass=1,2026-03-20T19:30:13.320678+00:00
1100747973,WDQuote_1100747973.xml,PASS,,ExpectedToPass=1,2026-03-20T19:30:13.320678+00:00
1100912437,WDQuote_1100912437.xml,PASS,,ExpectedToPass=1,2026-03-20T19:30:13.320678+00:00
1100919697,WDQuote_1100919697.xml,PASS,,ExpectedToPass=1,2026-03-20T19:30:13.320678+00:00
1100925710,WDQuote_1100925710.xml,PASS,,ExpectedToPass=1,2026-03-20T19:30:13.320678+00:00
1100927138,WDQuote_1100927138.xml,PASS,,ExpectedToPass=1,2026-03-20T19:30:13.320678+00:00
1100931775,WDQuote_1100931775.xml,PASS,,ExpectedToPass=1,2026-03-20T19:30:13.320678+00:00
1100931783,WDQuote_1100931783.xml,PASS,,ExpectedToPass=1,2026-03-20T19:30:13.320678+00:00
1100936147,WDQuote_1100936147.xml,PASS,,ExpectedToPass=1,2026-03-20T19:30:13.320678+00:00
1100941097,WDQuote_1100941097.xml,PASS,,ExpectedToPass=1,2026-03-20T19:30:13.320678+00:00
1100945502,WDQuote_1100945502.xml,PASS,,ExpectedToPass=1,2026-03-20T19:30:13.320678+00:00
1100948001,WDQuote_1100948001.xml,PASS,,ExpectedToPass=1,2026-03-20T19:30:13.320678+00:00
1100951005,WDQuote_1100951005.xml,PASS,,ExpectedToPass=1,2026-03-20T19:30:13.320678+00:00
1100953498,WDQuote_1100953498.xml,PASS,,ExpectedToPass=1,2026-03-20T19:30:13.320678+00:00
1100954835,WDQuote_1100954835.xml,PASS,,ExpectedToPass=1,2026-03-20T19:30:13.320678+00:00
1100955816,WDQuote_1100955816.xml,PASS,,ExpectedToPass=1,2026-03-20T19:30:13.320678+00:00
1100955972,WDQuote_1100955972.xml,PASS,,ExpectedToPass=1,2026-03-20T19:30:13.320678+00:00
1101025452,WDQuote_1101025452.xml,PASS,,ExpectedToPass=1,2026-03-20T19:30:13.320678+00:00
1101043034,WDQuote_1101043034.xml,PASS,,ExpectedToPass=1,2026-03-20T19:30:13.320678+00:00
1101055095,WDQuote_1101055095.xml,PASS,,ExpectedToPass=1,2026-03-20T19:30:13.320678+00:00
1101067157,WDQuote_1101067157.xml,PASS,,ExpectedToPass=1,2026-03-20T19:30:13.320678+00:00
1101080598,WDQuote_1101080598.xml,PASS,,ExpectedToPass=1,2026-03-20T19:30:13.320678+00:00
1101080655,WDQuote_1101080655.xml,PASS,,ExpectedToPass=1,2026-03-20T19:30:13.320678+00:00
1101092841,WDQuote_1101092841.xml,PASS,,ExpectedToPass=1,2026-03-20T19:30:13.320678+00:00
1101097535,WDQuote_1101097535.xml,PASS,,ExpectedToPass=1,2026-03-20T19:30:13.320678+00:00
1101100388,WDQuote_1101100388.xml,PASS,,ExpectedToPass=1,2026-03-20T19:30:13.320678+00:00
1101108779,WDQuote_1101108779.xml,PASS,,ExpectedToPass=1,2026-03-20T19:30:13.320678+00:00
1101109835,WDQuote_1101109835.xml,PASS,,ExpectedToPass=1,2026-03-20T19:30:13.320678+00:00
1101126763,WDQuote_1101126763.xml,PASS,,ExpectedToPass=1,2026-03-20T19:30:13.320678+00:00
1101170258,WDQuote_1101170258.xml,PASS,,ExpectedToPass=1,2026-03-20T19:30:13.320678+00:00
1101187146,WDQuote_1101187146.xml,PASS,,ExpectedToPass=1,2026-03-20T19:30:13.320678+00:00
1101401265,WDQuote_1101401265.xml,PASS,,ExpectedToPass=1,2026-03-20T19:30:13.320678+00:00
1101417873,WDQuote_1101417873.xml,PASS,,ExpectedToPass=1,2026-03-20T19:30:13.320678+00:00
1101481713,WDQuote_1101481713.xml,PASS,,ExpectedToPass=1,2026-03-20T19:30:13.320678+00:00
1101521831,WDQuote_1101521831.xml,PASS,,ExpectedToPass=1,2026-03-20T19:30:13.320678+00:00
1101704213,WDQuote_1101704213.xml,PASS,,ExpectedToPass=1,2026-03-20T19:30:13.320678+00:00
1101707091,WDQuote_1101707091.xml,PASS,,ExpectedToPass=1,2026-03-20T19:30:13.320678+00:00
1101708420,WDQuote_1101708420.xml,PASS,,ExpectedToPass=1,2026-03-20T19:30:13.320678+00:00
1101712414,WDQuote_1101712414.xml,PASS,,ExpectedToPass=1,2026-03-20T19:30:13.320678+00:00
1101724682,WDQuote_1101724682.xml,PASS,,ExpectedToPass=1,2026-03-20T19:30:13.320678+00:00
1101731059,WDQuote_1101731059.xml,PASS,,ExpectedToPass=1,2026-03-20T19:30:13.320678+00:00
1101744151,WDQuote_1101744151.xml,PASS,,ExpectedToPass=1,2026-03-20T19:30:13.320678+00:00
1101749127,WDQuote_1101749127.xml,PASS,,ExpectedToPass=1,2026-03-20T19:30:13.320678+00:00
1101749366,WDQuote_1101749366.xml,PASS,,ExpectedToPass=1,2026-03-20T19:30:13.320678+00:00
1101751875,WDQuote_1101751875.xml,PASS,,ExpectedToPass=1,2026-03-20T19:30:13.320678+00:00
1101758839,WDQuote_1101758839.xml,PASS,,ExpectedToPass=1,2026-03-20T19:30:13.320678+00:00
1101791509,WDQuote_1101791509.xml,PASS,,ExpectedToPass=1,2026-03-20T19:30:13.320678+00:00
1101793406,WDQuote_1101793406.xml,PASS,,ExpectedToPass=1,2026-03-20T19:30:13.320678+00:00
1101794990,WDQuote_1101794990.xml,PASS,,ExpectedToPass=1,2026-03-20T19:30:13.320678+00:00
1101809509,WDQuote_1101809509.xml,PASS,,ExpectedToPass=1,2026-03-20T19:30:13.320678+00:00
1101814327,WDQuote_1101814327.xml,PASS,,ExpectedToPass=1,2026-03-20T19:30:13.320678+00:00
1101816033,WDQuote_1101816033.xml,PASS,,ExpectedToPass=1,2026-03-20T19:30:13.320678+00:00
1101818427,WDQuote_1101818427.xml,PASS,,ExpectedToPass=1,2026-03-20T19:30:13.320678+00:00
1101819078,WDQuote_1101819078.xml,PASS,,ExpectedToPass=1,2026-03-20T19:30:13.320678+00:00
1101822072,WDQuote_1101822072.xml,PASS,,ExpectedToPass=1,2026-03-20T19:30:13.320678+00:00
1101825950,WDQuote_1101825950.xml,PASS,,ExpectedToPass=1,2026-03-20T19:30:13.320678+00:00
1101844688,WDQuote_1101844688.xml,PASS,,ExpectedToPass=1,2026-03-20T19:30:13.320678+00:00
1101854422,WDQuote_1101854422.xml,PASS,,ExpectedToPass=1,2026-03-20T19:30:13.320678+00:00
1101858217,WDQuote_1101858217.xml,PASS,,ExpectedToPass=1,2026-03-20T19:30:13.320678+00:00
1101869321,WDQuote_1101869321.xml,PASS,,ExpectedToPass=1,2026-03-20T19:30:13.320678+00:00
1101869768,WDQuote_1101869768.xml,PASS,,ExpectedToPass=1,2026-03-20T19:30:13.320678+00:00
1101879692,WDQuote_1101879692.xml,PASS,,ExpectedToPass=1,2026-03-20T19:30:13.320678+00:00
1101882860,WDQuote_1101882860.xml,PASS,,ExpectedToPass=1,2026-03-20T19:30:13.320678+00:00
1101944413,WDQuote_1101944413.xml,PASS,,ExpectedToPass=1,2026-03-20T19:30:13.320678+00:00
1101986869,WDQuote_1101986869.xml,PASS,,ExpectedToPass=1,2026-03-20T19:30:13.320678+00:00
1102116862,WDQuote_1102116862.xml,PASS,,ExpectedToPass=1,2026-03-20T19:30:13.320678+00:00
1102130822,WDQuote_1102130822.xml,PASS,,ExpectedToPass=1,2026-03-20T19:30:13.320678+00:00
1102140292,WDQuote_1102140292.xml,PASS,,ExpectedToPass=1,2026-03-20T19:30:13.320678+00:00
1102150531,WDQuote_1102150531.xml,PASS,,ExpectedToPass=1,2026-03-20T19:30:13.320678+00:00
1102337575,WDQuote_1102337575.xml,PASS,,ExpectedToPass=1,2026-03-20T19:30:13.320678+00:00
1102342260,WDQuote_1102342260.xml,PASS,,ExpectedToPass=1,2026-03-20T19:30:13.320678+00:00
2500003543,WDQuote_2500003543.xml,PASS,,ExpectedToPass=1,2026-03-20T19:30:13.320678+00:00
3200043121,WDQuote_3200043121.xml,PASS,,ExpectedToPass=1,2026-03-20T19:30:13.320678+00:00
3200045308,WDQuote_3200045308.xml,PASS,,ExpectedToPass=1,2026-03-20T19:30:13.320678+00:00
3200055125,WDQuote_3200055125.xml,PASS,,ExpectedToPass=1,2026-03-20T19:30:13.320678+00:00
3200056271,WDQuote_3200056271.xml,PASS,,ExpectedToPass=1,2026-03-20T19:30:13.320678+00:00
3200058202,WDQuote_3200058202.xml,PASS,,ExpectedToPass=1,2026-03-20T19:30:13.320678+00:00
3200058251,WDQuote_3200058251.xml,PASS,,ExpectedToPass=1,2026-03-20T19:30:13.320678+00:00
3200058293,WDQuote_3200058293.xml,PASS,,ExpectedToPass=1,2026-03-20T19:30:13.320678+00:00
3200058558,WDQuote_3200058558.xml,PASS,,ExpectedToPass=1,2026-03-20T19:30:13.320678+00:00
3200059093,WDQuote_3200059093.xml,PASS,,ExpectedToPass=1,2026-03-20T19:30:13.320678+00:00
3200059481,WDQuote_3200059481.xml,PASS,,ExpectedToPass=1,2026-03-20T19:30:13.320678+00:00
3200062733,WDQuote_3200062733.xml,PASS,,ExpectedToPass=1,2026-03-20T19:30:13.320678+00:00
3200068391,WDQuote_3200068391.xml,PASS,,ExpectedToPass=1,2026-03-20T19:30:13.320678+00:00
3200072054,WDQuote_3200072054.xml,PASS,,ExpectedToPass=1,2026-03-20T19:30:13.320678+00:00
3200072146,WDQuote_3200072146.xml,PASS,,ExpectedToPass=1,2026-03-20T19:30:13.320678+00:00
3200088530,WDQuote_3200088530.xml,PASS,,ExpectedToPass=1,2026-03-20T19:30:13.320678+00:00
3200095162,WDQuote_3200095162.xml,PASS,,ExpectedToPass=1,2026-03-20T19:30:13.320678+00:00
3200096194,WDQuote_3200096194.xml,PASS,,ExpectedToPass=1,2026-03-20T19:30:13.320678+00:00
3200097705,WDQuote_3200097705.xml,PASS,,ExpectedToPass=1,2026-03-20T19:30:13.320678+00:00
3200104519,WDQuote_3200104519.xml,PASS,,ExpectedToPass=1,2026-03-20T19:30:13.320678+00:00
3200106068,WDQuote_3200106068.xml,PASS,,ExpectedToPass=1,2026-03-20T19:30:13.320678+00:00
3200107157,WDQuote_3200107157.xml,PASS,,ExpectedToPass=1,2026-03-20T19:30:13.320678+00:00
3200110151,WDQuote_3200110151.xml,PASS,,ExpectedToPass=1,2026-03-20T19:30:13.320678+00:00
3200122057,WDQuote_3200122057.xml,PASS,,ExpectedToPass=1,2026-03-20T19:30:13.320678+00:00
3200123824,WDQuote_3200123824.xml,PASS,,ExpectedToPass=1,2026-03-20T19:30:13.320678+00:00
3200124590,WDQuote_3200124590.xml,PASS,,ExpectedToPass=1,2026-03-20T19:30:13.320678+00:00
3200124798,WDQuote_3200124798.xml,PASS,,ExpectedToPass=1,2026-03-20T19:30:13.320678+00:00
3200125936,WDQuote_3200125936.xml,PASS,,ExpectedToPass=1,2026-03-20T19:30:13.320678+00:00
3200191250,WDQuote_3200191250.xml,PASS,,ExpectedToPass=1,2026-03-20T19:30:13.320678+00:00
3200194486,WDQuote_3200194486.xml,PASS,,ExpectedToPass=1,2026-03-20T19:30:13.320678+00:00
3200200606,WDQuote_3200200606.xml,PASS,,ExpectedToPass=1,2026-03-20T19:30:13.320678+00:00
3200201489,WDQuote_3200201489.xml,PASS,,ExpectedToPass=1,2026-03-20T19:30:13.320678+00:00
3200260480,WDQuote_3200260480.xml,PASS,,ExpectedToPass=1,2026-03-20T19:30:13.320678+00:00
3200263435,WDQuote_3200263435.xml,PASS,,ExpectedToPass=1,2026-03-20T19:30:13.320678+00:00
3200271107,WDQuote_3200271107.xml,PASS,,ExpectedToPass=1,2026-03-20T19:30:13.320678+00:00
3200282427,WDQuote_3200282427.xml,PASS,,ExpectedToPass=1,2026-03-20T19:30:13.320678+00:00
3200283169,WDQuote_3200283169.xml,PASS,,ExpectedToPass=1,2026-03-20T19:30:13.320678+00:00
3200285693,WDQuote_3200285693.xml,PASS,,ExpectedToPass=1,2026-03-20T19:30:13.320678+00:00
3200288671,WDQuote_3200288671.xml,PASS,,ExpectedToPass=1,2026-03-20T19:30:13.320678+00:00
3200301078,WDQuote_3200301078.xml,PASS,,ExpectedToPass=1,2026-03-20T19:30:13.320678+00:00
3200301326,WDQuote_3200301326.xml,PASS,,ExpectedToPass=1,2026-03-20T19:30:13.320678+00:00
3200301540,WDQuote_3200301540.xml,PASS,,ExpectedToPass=1,2026-03-20T19:30:13.320678+00:00
3200306614,WDQuote_3200306614.xml,PASS,,ExpectedToPass=1,2026-03-20T19:30:13.320678+00:00
3200318312,WDQuote_3200318312.xml,PASS,,ExpectedToPass=1,2026-03-20T19:30:13.320678+00:00
3200341686,WDQuote_3200341686.xml,PASS,,ExpectedToPass=1,2026-03-20T19:30:13.320678+00:00
3200345281,WDQuote_3200345281.xml,PASS,,ExpectedToPass=1,2026-03-20T19:30:13.320678+00:00
3200361650,WDQuote_3200361650.xml,PASS,,ExpectedToPass=1,2026-03-20T19:30:13.320678+00:00
3200362815,WDQuote_3200362815.xml,PASS,,ExpectedToPass=1,2026-03-20T19:30:13.320678+00:00
3200363540,WDQuote_3200363540.xml,PASS,,ExpectedToPass=1,2026-03-20T19:30:13.320678+00:00
3200370800,WDQuote_3200370800.xml,PASS,,ExpectedToPass=1,2026-03-20T19:30:13.320678+00:00
3200370982,WDQuote_3200370982.xml,PASS,,ExpectedToPass=1,2026-03-20T19:30:13.320678+00:00
3200371048,WDQuote_3200371048.xml,PASS,,ExpectedToPass=1,2026-03-20T19:30:13.320678+00:00
3200377086,WDQuote_3200377086.xml,PASS,,ExpectedToPass=1,2026-03-20T19:30:13.320678+00:00
3200380874,WDQuote_3200380874.xml,PASS,,ExpectedToPass=1,2026-03-20T19:30:13.320678+00:00
3200383571,WDQuote_3200383571.xml,PASS,,ExpectedToPass=1,2026-03-20T19:30:13.320678+00:00
3200388083,WDQuote_3200388083.xml,PASS,,ExpectedToPass=1,2026-03-20T19:30:13.320678+00:00
3200393315,WDQuote_3200393315.xml,PASS,,ExpectedToPass=1,2026-03-20T19:30:13.320678+00:00
3200393968,WDQuote_3200393968.xml,PASS,,ExpectedToPass=1,2026-03-20T19:30:13.320678+00:00
3200393976,WDQuote_3200393976.xml,PASS,,ExpectedToPass=1,2026-03-20T19:30:13.320678+00:00
3200400987,WDQuote_3200400987.xml,PASS,,ExpectedToPass=1,2026-03-20T19:30:13.320678+00:00
3200402009,WDQuote_3200402009.xml,PASS,,ExpectedToPass=1,2026-03-20T19:30:13.320678+00:00
3200408725,WDQuote_3200408725.xml,PASS,,ExpectedToPass=1,2026-03-20T19:30:13.320678+00:00
3200408931,WDQuote_3200408931.xml,PASS,,ExpectedToPass=1,2026-03-20T19:30:13.320678+00:00
3200409384,WDQuote_3200409384.xml,PASS,,ExpectedToPass=1,2026-03-20T19:30:13.320678+00:00
3200412230,WDQuote_3200412230.xml,PASS,,ExpectedToPass=1,2026-03-20T19:30:13.320678+00:00
3200415076,WDQuote_3200415076.xml,PASS,,ExpectedToPass=1,2026-03-20T19:30:13.320678+00:00
3200415522,WDQuote_3200415522.xml,PASS,,ExpectedToPass=1,2026-03-20T19:30:13.320678+00:00
3200427584,WDQuote_3200427584.xml,PASS,,ExpectedToPass=1,2026-03-20T19:30:13.320678+00:00
3200446899,WDQuote_3200446899.xml,PASS,,ExpectedToPass=1,2026-03-20T19:30:13.320678+00:00
3200446907,WDQuote_3200446907.xml,PASS,,ExpectedToPass=1,2026-03-20T19:30:13.320678+00:00
3200451675,WDQuote_3200451675.xml,PASS,,ExpectedToPass=1,2026-03-20T19:30:13.320678+00:00
3200459066,WDQuote_3200459066.xml,PASS,,ExpectedToPass=1,2026-03-20T19:30:13.320678+00:00
3200460015,WDQuote_3200460015.xml,PASS,,ExpectedToPass=1,2026-03-20T19:30:13.320678+00:00
3200474727,WDQuote_3200474727.xml,PASS,,ExpectedToPass=1,2026-03-20T19:30:13.320678+00:00
3200481581,WDQuote_3200481581.xml,PASS,,ExpectedToPass=1,2026-03-20T19:30:13.320678+00:00
3200484486,WDQuote_3200484486.xml,PASS,,ExpectedToPass=1,2026-03-20T19:30:13.320678+00:00
3200491762,WDQuote_3200491762.xml,PASS,,ExpectedToPass=1,2026-03-20T19:30:13.320678+00:00
3200493735,WDQuote_3200493735.xml,PASS,,ExpectedToPass=1,2026-03-20T19:30:13.320678+00:00
3200633277,WDQuote_3200633277.xml,PASS,,ExpectedToPass=1,2026-03-20T19:30:13.320678+00:00
3200884045,WDQuote_3200884045.xml,PASS,,ExpectedToPass=1,2026-03-20T19:30:13.320678+00:00
3200928578,WDQuote_3200928578.xml,PASS,,ExpectedToPass=1,2026-03-20T19:30:13.320678+00:00
3200966735,WDQuote_3200966735.xml,PASS,,ExpectedToPass=1,2026-03-20T19:30:13.320678+00:00
3200997938,WDQuote_3200997938.xml,PASS,,ExpectedToPass=1,2026-03-20T19:30:13.320678+00:00
3201072392,WDQuote_3201072392.xml,PASS,,ExpectedToPass=1,2026-03-20T19:30:13.320678+00:00
3201165204,WDQuote_3201165204.xml,PASS,,ExpectedToPass=1,2026-03-20T19:30:13.320678+00:00
3201210125,WDQuote_3201210125.xml,PASS,,ExpectedToPass=1,2026-03-20T19:30:13.320678+00:00
3201292784,WDQuote_3201292784.xml,PASS,,ExpectedToPass=1,2026-03-20T19:30:13.320678+00:00
3201398813,WDQuote_3201398813.xml,PASS,,ExpectedToPass=1,2026-03-20T19:30:13.320678+00:00
3201422761,WDQuote_3201422761.xml,PASS,,ExpectedToPass=1,2026-03-20T19:30:13.320678+00:00
3201497334,WDQuote_3201497334.xml,PASS,,ExpectedToPass=1,2026-03-20T19:30:13.320678+00:00
3201728381,WDQuote_3201728381.xml,PASS,,ExpectedToPass=1,2026-03-20T19:30:13.320678+00:00
3201876305,WDQuote_3201876305.xml,PASS,,ExpectedToPass=1,2026-03-20T19:30:13.320678+00:00
3201957407,WDQuote_3201957407.xml,PASS,,ExpectedToPass=1,2026-03-20T19:30:13.320678+00:00
3201957589,WDQuote_3201957589.xml,PASS,,ExpectedToPass=1,2026-03-20T19:30:13.320678+00:00
3201969428,WDQuote_3201969428.xml,PASS,,ExpectedToPass=1,2026-03-20T19:30:13.320678+00:00
3201973834,WDQuote_3201973834.xml,PASS,,ExpectedToPass=1,2026-03-20T19:30:13.320678+00:00
3201975565,WDQuote_3201975565.xml,PASS,,ExpectedToPass=1,2026-03-20T19:30:13.320678+00:00
3201979013,WDQuote_3201979013.xml,PASS,,ExpectedToPass=1,2026-03-20T19:30:13.320678+00:00
3201980946,WDQuote_3201980946.xml,PASS,,ExpectedToPass=1,2026-03-20T19:30:13.320678+00:00
3202002880,WDQuote_3202002880.xml,PASS,,ExpectedToPass=1,2026-03-20T19:30:13.320678+00:00
3202011618,WDQuote_3202011618.xml,PASS,,ExpectedToPass=1,2026-03-20T19:30:13.320678+00:00
3202015478,WDQuote_3202015478.xml,PASS,,ExpectedToPass=1,2026-03-20T19:30:13.320678+00:00
3202022250,WDQuote_3202022250.xml,PASS,,ExpectedToPass=1,2026-03-20T19:30:13.320678+00:00
3202022615,WDQuote_3202022615.xml,PASS,,ExpectedToPass=1,2026-03-20T19:30:13.320678+00:00
3202026707,WDQuote_3202026707.xml,PASS,,ExpectedToPass=1,2026-03-20T19:30:13.320678+00:00
3202026731,WDQuote_3202026731.xml,PASS,,ExpectedToPass=1,2026-03-20T19:30:13.320678+00:00
3202027408,WDQuote_3202027408.xml,PASS,,ExpectedToPass=1,2026-03-20T19:30:13.320678+00:00
3202031566,WDQuote_3202031566.xml,PASS,,ExpectedToPass=1,2026-03-20T19:30:13.320678+00:00
3202034255,WDQuote_3202034255.xml,PASS,,ExpectedToPass=1,2026-03-20T19:30:13.320678+00:00
3202042175,WDQuote_3202042175.xml,PASS,,ExpectedToPass=1,2026-03-20T19:30:13.320678+00:00
3202043967,WDQuote_3202043967.xml,PASS,,ExpectedToPass=1,2026-03-20T19:30:13.320678+00:00
3202050962,WDQuote_3202050962.xml,PASS,,ExpectedToPass=1,2026-03-20T19:30:13.320678+00:00
3202054758,WDQuote_3202054758.xml,PASS,,ExpectedToPass=1,2026-03-20T19:30:13.320678+00:00
3202056332,WDQuote_3202056332.xml,PASS,,ExpectedToPass=1,2026-03-20T19:30:13.320678+00:00
3202058494,WDQuote_3202058494.xml,PASS,,ExpectedToPass=1,2026-03-20T19:30:13.320678+00:00
3202060078,WDQuote_3202060078.xml,PASS,,ExpectedToPass=1,2026-03-20T19:30:13.320678+00:00
3202062926,WDQuote_3202062926.xml,PASS,,ExpectedToPass=1,2026-03-20T19:30:13.320678+00:00
3202115179,WDQuote_3202115179.xml,PASS,,ExpectedToPass=1,2026-03-20T19:30:13.320678+00:00
3202118108,WDQuote_3202118108.xml,PASS,,ExpectedToPass=1,2026-03-20T19:30:13.320678+00:00
3202118827,WDQuote_3202118827.xml,PASS,,ExpectedToPass=1,2026-03-20T19:30:13.320678+00:00
3202138569,WDQuote_3202138569.xml,PASS,,ExpectedToPass=1,2026-03-20T19:30:13.320678+00:00
3202151141,WDQuote_3202151141.xml,PASS,,ExpectedToPass=1,2026-03-20T19:30:13.320678+00:00
3202154145,WDQuote_3202154145.xml,PASS,,ExpectedToPass=1,2026-03-20T19:30:13.320678+00:00
3202186592,WDQuote_3202186592.xml,PASS,,ExpectedToPass=1,2026-03-20T19:30:13.320678+00:00
3202326014,WDQuote_3202326014.xml,PASS,,ExpectedToPass=1,2026-03-20T19:30:13.320678+00:00
3202403490,WDQuote_3202403490.xml,PASS,,ExpectedToPass=1,2026-03-20T19:30:13.320678+00:00
3202709393,WDQuote_3202709393.xml,PASS,,ExpectedToPass=1,2026-03-20T19:30:13.320678+00:00
3202728617,WDQuote_3202728617.xml,PASS,,ExpectedToPass=1,2026-03-20T19:30:13.320678+00:00
3202799725,WDQuote_3202799725.xml,PASS,,ExpectedToPass=1,2026-03-20T19:30:13.320678+00:00
3202801596,WDQuote_3202801596.xml,PASS,,ExpectedToPass=1,2026-03-20T19:30:13.320678+00:00
3202827914,WDQuote_3202827914.xml,PASS,,ExpectedToPass=1,2026-03-20T19:30:13.320678+00:00
3202840420,WDQuote_3202840420.xml,PASS,,ExpectedToPass=1,2026-03-20T19:30:13.320678+00:00
3202855907,WDQuote_3202855907.xml,PASS,,ExpectedToPass=1,2026-03-20T19:30:13.320678+00:00
3202867308,WDQuote_3202867308.xml,PASS,,ExpectedToPass=1,2026-03-20T19:30:13.320678+00:00
3202908151,WDQuote_3202908151.xml,PASS,,ExpectedToPass=1,2026-03-20T19:30:13.320678+00:00
3202908185,WDQuote_3202908185.xml,PASS,,ExpectedToPass=1,2026-03-20T19:30:13.320678+00:00
3202985100,WDQuote_3202985100.xml,PASS,,ExpectedToPass=1,2026-03-20T19:30:13.320678+00:00
3203000602,WDQuote_3203000602.xml,PASS,,ExpectedToPass=1,2026-03-20T19:30:13.320678+00:00
3203037315,WDQuote_3203037315.xml,PASS,,ExpectedToPass=1,2026-03-20T19:30:13.320678+00:00
3203037711,WDQuote_3203037711.xml,PASS,,ExpectedToPass=1,2026-03-20T19:30:13.320678+00:00
3203075323,WDQuote_3203075323.xml,PASS,,ExpectedToPass=1,2026-03-20T19:30:13.320678+00:00
3203080174,WDQuote_3203080174.xml,PASS,,ExpectedToPass=1,2026-03-20T19:30:13.320678+00:00
3203080281,WDQuote_3203080281.xml,PASS,,ExpectedToPass=1,2026-03-20T19:30:13.320678+00:00
3203084176,WDQuote_3203084176.xml,PASS,,ExpectedToPass=1,2026-03-20T19:30:13.320678+00:00
3203084283,WDQuote_3203084283.xml,PASS,,ExpectedToPass=1,2026-03-20T19:30:13.320678+00:00
3203085223,WDQuote_3203085223.xml,PASS,,ExpectedToPass=1,2026-03-20T19:30:13.320678+00:00
3203087476,WDQuote_3203087476.xml,PASS,,ExpectedToPass=1,2026-03-20T19:30:13.320678+00:00
3203091718,WDQuote_3203091718.xml,PASS,,ExpectedToPass=1,2026-03-20T19:30:13.320678+00:00
3203101400,WDQuote_3203101400.xml,PASS,,ExpectedToPass=1,2026-03-20T19:30:13.320678+00:00
3203101590,WDQuote_3203101590.xml,PASS,,ExpectedToPass=1,2026-03-20T19:30:13.320678+00:00
3203107837,WDQuote_3203107837.xml,PASS,,ExpectedToPass=1,2026-03-20T19:30:13.320678+00:00
3203109767,WDQuote_3203109767.xml,PASS,,ExpectedToPass=1,2026-03-20T19:30:13.320678+00:00
3203112738,WDQuote_3203112738.xml,PASS,,ExpectedToPass=1,2026-03-20T19:30:13.320678+00:00
3203113876,WDQuote_3203113876.xml,PASS,,ExpectedToPass=1,2026-03-20T19:30:13.320678+00:00
3203126712,WDQuote_3203126712.xml,PASS,,ExpectedToPass=1,2026-03-20T19:30:13.320678+00:00
3203791523,WDQuote_3203791523.xml,PASS,,ExpectedToPass=1,2026-03-20T19:30:13.320678+00:00
3203865152,WDQuote_3203865152.xml,PASS,,ExpectedToPass=1,2026-03-20T19:30:13.320678+00:00
3203980258,WDQuote_3203980258.xml,PASS,,ExpectedToPass=1,2026-03-20T19:30:13.320678+00:00
3203990521,WDQuote_3203990521.xml,PASS,,ExpectedToPass=1,2026-03-20T19:30:13.320678+00:00
3204070182,WDQuote_3204070182.xml,PASS,,ExpectedToPass=1,2026-03-20T19:30:13.320678+00:00
3204206927,WDQuote_3204206927.xml,PASS,,ExpectedToPass=1,2026-03-20T19:30:13.320678+00:00
3204263274,WDQuote_3204263274.xml,PASS,,ExpectedToPass=1,2026-03-20T19:30:13.320678+00:00
3204293578,WDQuote_3204293578.xml,PASS,,ExpectedToPass=1,2026-03-20T19:30:13.320678+00:00
3204373958,WDQuote_3204373958.xml,PASS,,ExpectedToPass=1,2026-03-20T19:30:13.320678+00:00
3204451432,WDQuote_3204451432.xml,PASS,,ExpectedToPass=1,2026-03-20T19:30:13.320678+00:00
3204457132,WDQuote_3204457132.xml,PASS,,ExpectedToPass=1,2026-03-20T19:30:13.320678+00:00
3204501376,WDQuote_3204501376.xml,PASS,,ExpectedToPass=1,2026-03-20T19:30:13.320678+00:00
3204505948,WDQuote_3204505948.xml,PASS,,ExpectedToPass=1,2026-03-20T19:30:13.320678+00:00
3204512290,WDQuote_3204512290.xml,PASS,,ExpectedToPass=1,2026-03-20T19:30:13.320678+00:00
3204562436,WDQuote_3204562436.xml,PASS,,ExpectedToPass=1,2026-03-20T19:30:13.320678+00:00
3204812414,WDQuote_3204812414.xml,PASS,,ExpectedToPass=1,2026-03-20T19:30:13.320678+00:00
3204880155,WDQuote_3204880155.xml,PASS,,ExpectedToPass=1,2026-03-20T19:30:13.320678+00:00
3205012337,WDQuote_3205012337.xml,PASS,,ExpectedToPass=1,2026-03-20T19:30:13.320678+00:00
3205246380,WDQuote_3205246380.xml,PASS,,ExpectedToPass=1,2026-03-20T19:30:13.320678+00:00
3205958120,WDQuote_3205958120.xml,PASS,,ExpectedToPass=1,2026-03-20T19:30:13.320678+00:00
3205988374,WDQuote_3205988374.xml,PASS,,ExpectedToPass=1,2026-03-20T19:30:13.320678+00:00
3206010814,WDQuote_3206010814.xml,PASS,,ExpectedToPass=1,2026-03-20T19:30:13.320678+00:00
3206038070,WDQuote_3206038070.xml,PASS,,ExpectedToPass=1,2026-03-20T19:30:13.320678+00:00
3206088877,WDQuote_3206088877.xml,PASS,,ExpectedToPass=1,2026-03-20T19:30:13.320678+00:00
3206338913,WDQuote_3206338913.xml,PASS,,ExpectedToPass=1,2026-03-20T19:30:13.320678+00:00
3206339192,WDQuote_3206339192.xml,PASS,,ExpectedToPass=1,2026-03-20T19:30:13.320678+00:00
3209122846,WDQuote_3209122846.xml,PASS,,ExpectedToPass=1,2026-03-20T19:30:13.320678+00:00
3209144322,WDQuote_3209144322.xml,PASS,,ExpectedToPass=1,2026-03-20T19:30:13.320678+00:00
3209148658,WDQuote_3209148658.xml,PASS,,ExpectedToPass=1,2026-03-20T19:30:13.320678+00:00
3209149210,WDQuote_3209149210.xml,PASS,,ExpectedToPass=1,2026-03-20T19:30:13.320678+00:00
3500015860,WDQuote_3500015860.xml,PASS,,ExpectedToPass=1,2026-03-20T19:30:13.320678+00:00
3500015910,WDQuote_3500015910.xml,PASS,,ExpectedToPass=1,2026-03-20T19:30:13.320678+00:00
3500016249,WDQuote_3500016249.xml,PASS,,ExpectedToPass=1,2026-03-20T19:30:13.320678+00:00
3500016264,WDQuote_3500016264.xml,PASS,,ExpectedToPass=1,2026-03-20T19:30:13.320678+00:00
3500016363,WDQuote_3500016363.xml,PASS,,ExpectedToPass=1,2026-03-20T19:30:13.320678+00:00
3500173032,WDQuote_3500173032.xml,PASS,,ExpectedToPass=1,2026-03-20T19:30:13.320678+00:00
3500501708,WDQuote_3500501708.xml,PASS,,ExpectedToPass=1,2026-03-20T19:30:13.320678+00:00
3500501716,WDQuote_3500501716.xml,PASS,,ExpectedToPass=1,2026-03-20T19:30:13.320678+00:00
3500502458,WDQuote_3500502458.xml,PASS,,ExpectedToPass=1,2026-03-20T19:30:13.320678+00:00
3500505790,WDQuote_3500505790.xml,PASS,,ExpectedToPass=1,2026-03-20T19:30:13.320678+00:00
3500506459,WDQuote_3500506459.xml,PASS,,ExpectedToPass=1,2026-03-20T19:30:13.320678+00:00
3500507192,WDQuote_3500507192.xml,PASS,,ExpectedToPass=1,2026-03-20T19:30:13.320678+00:00
3500528198,WDQuote_3500528198.xml,PASS,,ExpectedToPass=1,2026-03-20T19:30:13.320678+00:00
3500532265,WDQuote_3500532265.xml,PASS,,ExpectedToPass=1,2026-03-20T19:30:13.320678+00:00
3500537900,WDQuote_3500537900.xml,PASS,,ExpectedToPass=1,2026-03-20T19:30:13.320678+00:00
3500539575,WDQuote_3500539575.xml,PASS,,ExpectedToPass=1,2026-03-20T19:30:13.320678+00:00
3500541746,WDQuote_3500541746.xml,PASS,,ExpectedToPass=1,2026-03-20T19:30:13.320678+00:00
3500541787,WDQuote_3500541787.xml,PASS,,ExpectedToPass=1,2026-03-20T19:30:13.320678+00:00
3500547693,WDQuote_3500547693.xml,PASS,,ExpectedToPass=1,2026-03-20T19:30:13.320678+00:00
3500547891,WDQuote_3500547891.xml,PASS,,ExpectedToPass=1,2026-03-20T19:30:13.320678+00:00
3500565836,WDQuote_3500565836.xml,PASS,,ExpectedToPass=1,2026-03-20T19:30:13.320678+00:00
3500565851,WDQuote_3500565851.xml,PASS,,ExpectedToPass=1,2026-03-20T19:30:13.320678+00:00
3500581981,WDQuote_3500581981.xml,PASS,,ExpectedToPass=1,2026-03-20T19:30:13.320678+00:00
3500587277,WDQuote_3500587277.xml,PASS,,ExpectedToPass=1,2026-03-20T19:30:13.320678+00:00
3500641173,WDQuote_3500641173.xml,PASS,,ExpectedToPass=1,2026-03-20T19:30:13.320678+00:00
3500644540,WDQuote_3500644540.xml,PASS,,ExpectedToPass=1,2026-03-20T19:30:13.320678+00:00
3500649929,WDQuote_3500649929.xml,PASS,,ExpectedToPass=1,2026-03-20T19:30:13.320678+00:00
3500654838,WDQuote_3500654838.xml,PASS,,ExpectedToPass=1,2026-03-20T19:30:13.320678+00:00
3500659621,WDQuote_3500659621.xml,PASS,,ExpectedToPass=1,2026-03-20T19:30:13.320678+00:00
3500677920,WDQuote_3500677920.xml,PASS,,ExpectedToPass=1,2026-03-20T19:30:13.320678+00:00
3500684009,WDQuote_3500684009.xml,PASS,,ExpectedToPass=1,2026-03-20T19:30:13.320678+00:00
3500684272,WDQuote_3500684272.xml,PASS,,ExpectedToPass=1,2026-03-20T19:30:13.320678+00:00
8100013397,WDQuote_8100013397.xml,PASS,,ExpectedToPass=1,2026-03-20T19:30:13.320678+00:00
8100032686,WDQuote_8100032686.xml,PASS,,ExpectedToPass=1,2026-03-20T19:30:13.320678+00:00
8100032751,WDQuote_8100032751.xml,PASS,,ExpectedToPass=1,2026-03-20T19:30:13.320678+00:00
8100034047,WDQuote_8100034047.xml,PASS,,ExpectedToPass=1,2026-03-20T19:30:13.320678+00:00
8100034450,WDQuote_8100034450.xml,PASS,,ExpectedToPass=1,2026-03-20T19:30:13.320678+00:00
8100038279,WDQuote_8100038279.xml,PASS,,ExpectedToPass=1,2026-03-20T19:30:13.320678+00:00
8100039343,WDQuote_8100039343.xml,PASS,,ExpectedToPass=1,2026-03-20T19:30:13.320678+00:00
8100040952,WDQuote_8100040952.xml,PASS,,ExpectedToPass=1,2026-03-20T19:30:13.320678+00:00
8100044285,WDQuote_8100044285.xml,PASS,,ExpectedToPass=1,2026-03-20T19:30:13.320678+00:00
8100046348,WDQuote_8100046348.xml,PASS,,ExpectedToPass=1,2026-03-20T19:30:13.320678+00:00
8100049821,WDQuote_8100049821.xml,PASS,,ExpectedToPass=1,2026-03-20T19:30:13.320678+00:00
8100086419,WDQuote_8100086419.xml,PASS,,ExpectedToPass=1,2026-03-20T19:30:13.320678+00:00
8100090825,WDQuote_8100090825.xml,PASS,,ExpectedToPass=1,2026-03-20T19:30:13.320678+00:00
8100214730,WDQuote_8100214730.xml,PASS,,ExpectedToPass=1,2026-03-20T19:30:13.320678+00:00
8100287264,WDQuote_8100287264.xml,PASS,,ExpectedToPass=1,2026-03-20T19:30:13.320678+00:00
8100568606,WDQuote_8100568606.xml,PASS,,ExpectedToPass=1,2026-03-20T19:30:13.320678+00:00
8100637237,WDQuote_8100637237.xml,PASS,,ExpectedToPass=1,2026-03-20T19:30:13.320678+00:00
8100734505,WDQuote_8100734505.xml,PASS,,ExpectedToPass=1,2026-03-20T19:30:13.320678+00:00
9200005619,WDQuote_9200005619.xml,PASS,,ExpectedToPass=1,2026-03-20T19:30:13.320678+00:00
9200006864,WDQuote_9200006864.xml,PASS,,ExpectedToPass=1,2026-03-20T19:30:13.320678+00:00
9200008175,WDQuote_9200008175.xml,PASS,,ExpectedToPass=1,2026-03-20T19:30:13.320678+00:00
9200009488,WDQuote_9200009488.xml,PASS,,ExpectedToPass=1,2026-03-20T19:30:13.320678+00:00
9200012268,WDQuote_9200012268.xml,PASS,,ExpectedToPass=1,2026-03-20T19:30:13.320678+00:00
9200013639,WDQuote_9200013639.xml,PASS,,ExpectedToPass=1,2026-03-20T19:30:13.320678+00:00
9200015196,WDQuote_9200015196.xml,PASS,,ExpectedToPass=1,2026-03-20T19:30:13.320678+00:00
9200017051,WDQuote_9200017051.xml,PASS,,ExpectedToPass=1,2026-03-20T19:30:13.320678+00:00
9200023075,WDQuote_9200023075.xml,PASS,,ExpectedToPass=1,2026-03-20T19:30:13.320678+00:00
9200025823,WDQuote_9200025823.xml,PASS,,ExpectedToPass=1,2026-03-20T19:30:13.320678+00:00
9200034171,WDQuote_9200034171.xml,PASS,,ExpectedToPass=1,2026-03-20T19:30:13.320678+00:00
9200035269,WDQuote_9200035269.xml,PASS,,ExpectedToPass=1,2026-03-20T19:30:13.320678+00:00
9200041960,WDQuote_9200041960.xml,PASS,,ExpectedToPass=1,2026-03-20T19:30:13.320678+00:00
9200050755,WDQuote_9200050755.xml,PASS,,ExpectedToPass=1,2026-03-20T19:30:13.320678+00:00
9200055523,WDQuote_9200055523.xml,PASS,,ExpectedToPass=1,2026-03-20T19:30:13.320678+00:00
9200063675,WDQuote_9200063675.xml,PASS,,ExpectedToPass=1,2026-03-20T19:30:13.320678+00:00
9200075844,WDQuote_9200075844.xml,PASS,,ExpectedToPass=1,2026-03-20T19:30:13.320678+00:00
9200076289,WDQuote_9200076289.xml,PASS,,ExpectedToPass=1,2026-03-20T19:30:13.320678+00:00
9200077915,WDQuote_9200077915.xml,PASS,,ExpectedToPass=1,2026-03-20T19:30:13.320678+00:00
9200077923,WDQuote_9200077923.xml,PASS,,ExpectedToPass=1,2026-03-20T19:30:13.320678+00:00
9200077931,WDQuote_9200077931.xml,PASS,,ExpectedToPass=1,2026-03-20T19:30:13.320678+00:00
9200090348,WDQuote_9200090348.xml,PASS,,ExpectedToPass=1,2026-03-20T19:30:13.320678+00:00
9200103257,WDQuote_9200103257.xml,PASS,,ExpectedToPass=1,2026-03-20T19:30:13.320678+00:00
9200110146,WDQuote_9200110146.xml,PASS,,ExpectedToPass=1,2026-03-20T19:30:13.320678+00:00
9200114296,WDQuote_9200114296.xml,PASS,,ExpectedToPass=1,2026-03-20T19:30:13.320678+00:00
9200115632,WDQuote_9200115632.xml,PASS,,ExpectedToPass=1,2026-03-20T19:30:13.320678+00:00
9200117950,WDQuote_9200117950.xml,PASS,,ExpectedToPass=1,2026-03-20T19:30:13.320678+00:00
9200146165,WDQuote_9200146165.xml,PASS,,ExpectedToPass=1,2026-03-20T19:30:13.320678+00:00
9200158632,WDQuote_9200158632.xml,PASS,,ExpectedToPass=1,2026-03-20T19:30:13.320678+00:00
9200181923,WDQuote_9200181923.xml,PASS,,ExpectedToPass=1,2026-03-20T19:30:13.320678+00:00
9200184141,WDQuote_9200184141.xml,PASS,,ExpectedToPass=1,2026-03-20T19:30:13.320678+00:00
9200184158,WDQuote_9200184158.xml,PASS,,ExpectedToPass=1,2026-03-20T19:30:13.320678+00:00
9200184646,WDQuote_9200184646.xml,PASS,,ExpectedToPass=1,2026-03-20T19:30:13.320678+00:00
9200185197,WDQuote_9200185197.xml,PASS,,ExpectedToPass=1,2026-03-20T19:30:13.320678+00:00
9200187474,WDQuote_9200187474.xml,PASS,,ExpectedToPass=1,2026-03-20T19:30:13.320678+00:00
9200188589,WDQuote_9200188589.xml,PASS,,ExpectedToPass=1,2026-03-20T19:30:13.320678+00:00
9200192912,WDQuote_9200192912.xml,PASS,,ExpectedToPass=1,2026-03-20T19:30:13.320678+00:00
9200194330,WDQuote_9200194330.xml,PASS,,ExpectedToPass=1,2026-03-20T19:30:13.320678+00:00
9200194397,WDQuote_9200194397.xml,PASS,,ExpectedToPass=1,2026-03-20T19:30:13.320678+00:00
9200195097,WDQuote_9200195097.xml,PASS,,ExpectedToPass=1,2026-03-20T19:30:13.320678+00:00
9200197861,WDQuote_9200197861.xml,PASS,,ExpectedToPass=1,2026-03-20T19:30:13.320678+00:00
9200199594,WDQuote_9200199594.xml,PASS,,ExpectedToPass=1,2026-03-20T19:30:13.320678+00:00
9200204261,WDQuote_9200204261.xml,PASS,,ExpectedToPass=1,2026-03-20T19:30:13.320678+00:00
9200204659,WDQuote_9200204659.xml,PASS,,ExpectedToPass=1,2026-03-20T19:30:13.320678+00:00
9200204758,WDQuote_9200204758.xml,PASS,,ExpectedToPass=1,2026-03-20T19:30:13.320678+00:00
9200204766,WDQuote_9200204766.xml,PASS,,ExpectedToPass=1,2026-03-20T19:30:13.320678+00:00
9200206654,WDQuote_9200206654.xml,PASS,,ExpectedToPass=1,2026-03-20T19:30:13.320678+00:00
9200210631,WDQuote_9200210631.xml,PASS,,ExpectedToPass=1,2026-03-20T19:30:13.320678+00:00
9200211340,WDQuote_9200211340.xml,PASS,,ExpectedToPass=1,2026-03-20T19:30:13.320678+00:00
9200212868,WDQuote_9200212868.xml,PASS,,ExpectedToPass=1,2026-03-20T19:30:13.320678+00:00
9200213551,WDQuote_9200213551.xml,PASS,,ExpectedToPass=1,2026-03-20T19:30:13.320678+00:00
9200564404,WDQuote_9200564404.xml,PASS,,ExpectedToPass=1,2026-03-20T19:30:13.320678+00:00
9200622749,WDQuote_9200622749.xml,PASS,,ExpectedToPass=1,2026-03-20T19:30:13.320678+00:00
9200624778,WDQuote_9200624778.xml,PASS,,ExpectedToPass=1,2026-03-20T19:30:13.320678+00:00
9200841851,WDQuote_9200841851.xml,PASS,,ExpectedToPass=1,2026-03-20T19:30:13.320678+00:00
9200907127,WDQuote_9200907127.xml,PASS,,ExpectedToPass=1,2026-03-20T19:30:13.320678+00:00
9201074042,WDQuote_9201074042.xml,PASS,,ExpectedToPass=1,2026-03-20T19:30:13.320678+00:00
9201078779,WDQuote_9201078779.xml,PASS,,ExpectedToPass=1,2026-03-20T19:30:13.320678+00:00
9201173171,WDQuote_9201173171.xml,PASS,,ExpectedToPass=1,2026-03-20T19:30:13.320678+00:00
9201294141,WDQuote_9201294141.xml,PASS,,ExpectedToPass=1,2026-03-20T19:30:13.320678+00:00
9201295262,WDQuote_9201295262.xml,PASS,,ExpectedToPass=1,2026-03-20T19:30:13.320678+00:00
9201295569,WDQuote_9201295569.xml,PASS,,ExpectedToPass=1,2026-03-20T19:30:13.320678+00:00
9201298335,WDQuote_9201298335.xml,PASS,,ExpectedToPass=1,2026-03-20T19:30:13.320678+00:00
9201310013,WDQuote_9201310013.xml,PASS,,ExpectedToPass=1,2026-03-20T19:30:13.320678+00:00
9201320746,WDQuote_9201320746.xml,PASS,,ExpectedToPass=1,2026-03-20T19:30:13.320678+00:00
9201324394,WDQuote_9201324394.xml,PASS,,ExpectedToPass=1,2026-03-20T19:30:13.320678+00:00
9201326510,WDQuote_9201326510.xml,PASS,,ExpectedToPass=1,2026-03-20T19:30:13.320678+00:00
9201329982,WDQuote_9201329982.xml,PASS,,ExpectedToPass=1,2026-03-20T19:30:13.320678+00:00
9700024753,WDQuote_9700024753.xml,PASS,,ExpectedToPass=1,2026-03-20T19:30:13.320678+00:00
L610015355,WDQuote_L610015355.xml,PASS,,ExpectedToPass=1,2026-03-20T19:30:13.320678+00:00
L610019654,WDQuote_L610019654.xml,PASS,,ExpectedToPass=1,2026-03-20T19:30:13.320678+00:00
L610023318,WDQuote_L610023318.xml,PASS,,ExpectedToPass=1,2026-03-20T19:30:13.320678+00:00
L610028341,WDQuote_L610028341.xml,PASS,,ExpectedToPass=1,2026-03-20T19:30:13.320678+00:00
L610030560,WDQuote_L610030560.xml,PASS,,ExpectedToPass=1,2026-03-20T19:30:13.320678+00:00
L610111847,WDQuote_L610111847.xml,PASS,,ExpectedToPass=1,2026-03-20T19:30:13.320678+00:00
L610112311,WDQuote_L610112311.xml,PASS,,ExpectedToPass=1,2026-03-20T19:30:13.320678+00:00
L610113131,WDQuote_L610113131.xml,PASS,,ExpectedToPass=1,2026-03-20T19:30:13.320678+00:00
L610113320,WDQuote_L610113320.xml,PASS,,ExpectedToPass=1,2026-03-20T19:30:13.320678+00:00
L610114987,WDQuote_L610114987.xml,PASS,,ExpectedToPass=1,2026-03-20T19:30:13.320678+00:00
L610166694,WDQuote_L610166694.xml,PASS,,ExpectedToPass=1,2026-03-20T19:30:13.320678+00:00
L610167130,WDQuote_L610167130.xml,PASS,,ExpectedToPass=1,2026-03-20T19:30:13.320678+00:00
L610508517,WDQuote_L610508517.xml,PASS,,ExpectedToPass=1,2026-03-20T19:30:13.320678+00:00
L610508593,WDQuote_L610508593.xml,PASS,,ExpectedToPass=1,2026-03-20T19:30:13.320678+00:00
R9501122972,WDQuote_R9501122972.xml,PASS,,ExpectedToPass=1,2026-03-20T19:30:13.320678+00:00
R9501122980,WDQuote_R9501122980.xml,PASS,,ExpectedToPass=1,2026-03-20T19:30:13.320678+00:00
R9522248780,WDQuote_R9522248780.xml,PASS,,ExpectedToPass=1,2026-03-20T19:30:13.320678+00:00
R9522248878,WDQuote_R9522248878.xml,PASS,,ExpectedToPass=1,2026-03-20T19:30:13.320678+00:00
R9522248993,WDQuote_R9522248993.xml,PASS,,ExpectedToPass=1,2026-03-20T19:30:13.320678+00:00
R9501385566,WDQuote_R9501385566.xml,PASS,,ExpectedToPass=1,2026-03-20T19:30:13.320678+00:00
R9505589953,WDQuote_R9505589953.xml,PASS,,ExpectedToPass=1,2026-03-20T19:30:13.320678+00:00
4400151482,WDQuote_4400151482.xml,PASS,,ExpectedToPass=1,2026-03-20T19:30:13.320678+00:00
4400237638,WDQuote_4400237638.xml,PASS,,ExpectedToPass=1,2026-03-20T19:30:13.320678+00:00
4400299919,WDQuote_4400299919.xml,PASS,,ExpectedToPass=1,2026-03-20T19:30:13.320678+00:00
4400475444,WDQuote_4400475444.xml,PASS,,ExpectedToPass=1,2026-03-20T19:30:13.320678+00:00
4400565210,WDQuote_4400565210.xml,PASS,,ExpectedToPass=1,2026-03-20T19:30:13.320678+00:00
